,Carry,Total,Side Dist,Smash Factor,Club Speed,Ball Speed,Back Spin,Side Spin Angle,Side Spin,Launch Angle,Side Angle,Decent Angle,Apex,Flight Time,Type,Spin Axis,Face Angle,Face Path Angle,Club Path,Club Path Angle,Face to Path Angle,Face to Path,Side Dist Angle,Side Angle Dir
0,19.2,23.4,1.7,1.34,24.4,32.6,1863.0,L,715,28.6,3.1,30.3,8.0,1,Hook,-21.0,L,5.2,15.0,R,L,20.2,L,L
2,72.4,82.2,5.0,1.36,50.8,69.2,2572.0,L,63,18.5,3.3,25.4,22.0,2,Straight,-1.4,L,3.5,1.3,L,L,2.2,L,L
3,81.1,89.3,2.9,1.32,55.8,73.7,3967.0,R,411,18.1,3.4,27.7,26.0,3,Fade,5.9,L,3.3,4.3,L,R,1.1,L,L
4,8.1,18.4,0.2,1.25,56.0,70.2,1212.0,R,1252,1.5,0.4,1.6,0.0,0,Slice,45.9,L,0.4,0.1,R,L,0.6,R,L
5,38.9,45.8,11.6,1.07,54.8,58.7,3245.0,R,3589,13.7,9.1,16.8,7.0,1,Push Slice,47.9,R,10.5,3.2,L,R,13.7,R,R
6,52.4,59.4,17.1,1.08,56.7,61.1,3637.0,R,3497,19.1,9.7,24.8,16.0,2,Push Slice,43.9,R,10.9,0.7,L,R,11.6,R,R
7,54.7,63.4,3.4,1.18,55.9,66.0,2597.0,R,1087,14.1,6.5,18.2,12.0,2,Slice,22.7,L,6.8,3.0,L,L,3.8,L,L
8,79.8,90.5,0.8,1.38,51.7,71.3,2161.0,L,62,20.1,0.8,27.6,27.0,3,Straight,-1.7,R,1.2,2.3,L,R,3.5,R,R
9,0.7,4.8,1.0,1.3,59.2,76.8,-2.0,L,6,-0.2,11.5,0.3,0.0,0,Pull Hook,-66.7,L,12.4,3.5,L,L,8.9,L,L
12,73.3,81.6,1.0,1.33,51.3,68.1,3597.0,R,49,20.7,0.6,29.5,26.0,3,Straight,0.8,R,1.2,5.2,L,R,6.5,R,R
13,21.4,23.6,2.2,1.11,30.2,33.5,4121.0,L,337,31.6,5.2,34.5,10.0,1,Draw,-4.7,L,5.6,1.0,L,L,4.7,L,L
14,60.2,65.3,16.9,1.13,51.4,58.3,4801.0,L,2256,33.4,10.0,43.1,37.0,3,Pull Hook,-25.2,L,11.3,1.9,R,L,13.2,L,L
16,7.7,9.7,1.7,1.14,18.4,21.0,1839.0,L,547,27.2,9.7,27.2,3.0,0,Pull Hook,-16.6,L,10.9,0.7,R,L,11.6,L,L
17,15.9,18.2,1.2,1.18,23.7,28.0,2832.0,L,419,35.9,3.5,38.0,9.0,1,Draw,-8.4,L,4.3,2.8,R,L,7.0,L,L
18,15.9,24.9,3.1,1.23,57.4,70.6,2174.0,R,1036,2.4,8.5,2.7,0.0,0,Pull Slice,25.5,L,9.0,3.6,L,L,5.5,L,L
19,74.7,79.7,1.9,1.29,51.9,67.0,5972.0,R,561,26.0,0.0,38.2,37.0,3,Fade,5.4,L,0.2,1.2,R,L,1.4,R,L
20,6.9,8.6,1.4,1.19,15.8,18.9,1670.0,L,220,31.1,9.1,31.9,3.0,0,Pull Draw,-7.5,L,9.8,3.1,L,L,6.7,L,L
21,81.9,92.5,9.3,1.38,53.8,74.2,2389.0,L,443,17.9,3.6,25.4,24.0,3,Hook,-10.5,L,3.7,3.3,L,L,0.4,L,L
22,59.1,62.2,2.3,1.12,52.2,58.3,6828.0,R,659,28.0,3.4,38.0,30.0,3,Fade,5.5,L,3.4,2.6,L,L,0.8,L,L
23,1.4,14.5,0.2,1.33,55.4,73.7,633.0,R,1182,0.3,1.2,0.1,0.0,0,Slice,61.8,L,1.4,1.1,R,L,2.6,L,L
24,11.0,13.6,1.3,1.37,18.9,26.0,2256.0,L,240,23.4,5.5,24.2,3.0,1,Draw,-6.1,L,5.9,1.9,L,L,4.0,L,L
25,8.6,13.4,3.6,0.91,38.7,35.3,816.0,R,2562,9.0,14.4,8.9,1.0,0,Push Slice,72.3,R,16.3,2.6,L,R,18.9,R,R
26,85.7,96.2,10.5,1.34,55.5,74.1,2542.0,L,342,20.2,4.6,28.8,30.0,3,Draw,-7.7,L,5.0,1.3,L,L,3.7,L,L
27,3.5,4.4,0.0,1.34,9.9,13.2,1480.0,L,31,32.4,0.0,33.0,1.0,0,Straight,-1.2,L,0.3,2.6,R,L,2.9,R,L
28,6.9,8.3,0.6,1.04,19.4,20.1,2317.0,R,47,25.1,4.0,26.1,2.0,0,Straight,1.2,L,4.4,0.1,R,L,4.5,L,L
29,79.2,85.8,8.0,1.27,55.6,70.5,4991.0,R,1238,22.7,1.9,34.1,33.0,3,Slice,13.9,R,3.4,11.7,L,R,15.1,R,R
30,83.9,89.8,1.0,1.32,54.6,72.3,5619.0,R,398,23.5,1.9,36.5,39.0,3,Fade,4.0,L,2.0,1.0,L,L,1.0,L,L
31,58.8,63.0,3.5,1.27,45.1,57.2,5543.0,L,493,33.3,2.1,43.1,37.0,3,Draw,-5.1,L,2.6,2.4,R,L,5.0,L,L
32,24.8,33.6,7.7,1.37,40.4,55.3,490.0,L,2395,11.0,9.3,11.8,3.0,1,Pull Hook,-78.4,L,11.4,9.8,R,L,21.2,L,L
33,7.6,9.6,0.9,1.19,17.8,21.1,1882.0,L,75,25.3,5.2,25.8,2.0,0,Straight,-2.3,L,5.9,0.9,R,L,6.9,L,L
34,2.9,8.7,0.4,1.08,45.8,49.6,3106.0,R,2468,1.0,3.1,0.9,0.0,0,Slice,38.5,L,3.6,1.4,R,L,4.9,L,L
35,35.8,34.8,1.0,0.93,59.4,55.1,11544.0,R,622,11.4,2.1,15.2,6.0,1,Fade,3.1,L,2.5,1.4,R,L,3.9,L,L
36,73.1,86.5,29.7,1.38,60.4,83.6,963.0,L,2223,14.5,10.4,18.6,16.0,2,Pull Hook,-66.6,L,11.7,1.0,R,L,12.7,L,L
37,68.7,78.0,13.3,1.3,60.7,79.0,3091.0,R,269,9.3,10.7,13.9,10.0,2,Pull Fade,5.0,L,11.6,2.7,L,L,8.9,L,L
39,92.0,103.2,8.2,1.4,55.4,77.5,2339.0,L,286,19.2,3.1,27.9,31.0,3,Draw,-7.0,L,3.4,0.0,R,L,3.5,L,L
41,42.2,51.2,2.4,1.31,53.5,70.2,2237.0,R,270,7.6,3.5,9.2,4.0,1,Fade,6.9,L,4.2,2.5,R,L,6.7,L,L
42,89.0,98.0,4.1,1.39,54.9,76.2,3669.0,R,20,19.5,2.5,30.3,32.0,3,Straight,0.3,L,2.5,3.1,L,R,0.7,L,L
43,71.9,79.1,13.8,1.31,54.2,71.1,4342.0,L,1552,16.9,5.8,25.2,21.0,2,Hook,-19.7,L,6.7,2.7,R,L,9.4,L,L
44,0.6,4.9,0.4,1.0,58.9,58.7,7679.0,R,332,-5.9,4.8,5.9,0.0,0,Straight,2.5,R,5.4,0.3,L,R,5.6,R,R
45,28.0,36.5,2.2,1.36,54.0,73.4,2375.0,R,388,3.9,4.3,4.3,1.0,0,Slice,9.3,L,4.7,0.4,L,L,4.3,L,L
46,68.0,77.6,15.9,1.27,54.6,69.3,2438.0,L,1187,17.4,7.3,23.3,19.0,2,Pull Hook,-26.0,L,8.3,1.5,R,L,9.8,L,L
47,48.6,56.1,1.4,1.2,56.0,67.4,3534.0,R,980,10.2,3.6,13.5,7.0,1,Slice,15.5,L,4.0,0.1,L,L,3.9,L,L
48,24.9,33.7,7.7,1.37,40.8,55.8,430.0,L,2927,11.2,8.9,11.8,3.0,1,Pull Hook,-81.7,L,11.7,16.3,R,L,28.0,L,L
49,67.0,76.2,9.8,1.34,48.1,64.7,2427.0,L,617,21.5,4.9,28.2,23.0,2,Hook,-14.3,L,5.7,1.9,R,L,7.6,L,L
50,25.4,29.0,0.3,1.1,35.7,39.2,3824.0,R,395,23.5,0.1,26.1,8.0,1,Fade,5.9,R,0.1,0.8,R,L,0.7,R,R
51,22.4,26.4,7.6,0.96,36.8,35.4,2533.0,R,3035,29.0,13.7,31.3,9.0,1,Push Slice,50.2,R,16.0,6.6,L,R,22.6,R,R
52,43.6,50.4,6.4,1.25,38.7,48.5,2395.0,L,714,30.8,5.4,36.1,22.0,2,Hook,-16.6,L,5.8,1.6,L,L,4.2,L,L
53,12.5,16.9,8.8,0.75,36.4,27.3,304.0,R,2544,25.5,29.6,26.8,4.0,1,Push Slice,83.2,R,33.1,1.8,L,R,35.0,R,R
54,0.8,8.1,0.3,1.13,37.1,41.9,-284.0,R,2172,0.4,2.1,0.6,0.0,0,Slice,82.6,R,2.4,0.5,L,R,3.0,R,R
55,0.9,6.9,1.3,1.03,45.0,46.2,3563.0,R,247,0.4,11.2,0.1,0.0,0,Pull Fade,4.0,L,12.1,3.3,L,L,8.8,L,L
56,0.8,8.0,0.1,1.01,42.4,42.9,138.0,R,2143,0.4,0.6,0.3,0.0,0,Slice,86.3,L,0.0,6.2,L,R,6.2,L,L
57,88.8,93.4,14.8,1.23,60.9,74.9,6567.0,L,1082,32.1,6.2,47.8,64.0,4,Hook,-9.4,L,7.0,1.4,R,L,8.4,L,L
58,88.1,89.7,5.0,1.25,61.1,76.4,8690.0,R,258,34.6,3.9,51.6,74.0,4,Straight,1.7,L,4.2,0.8,L,L,3.5,L,L
59,69.6,73.7,6.6,1.08,59.2,63.7,6207.0,L,1101,31.6,2.7,43.5,43.0,3,Hook,-10.1,L,3.4,3.6,R,L,6.9,L,L
60,87.2,92.6,13.5,1.35,54.3,73.4,5846.0,L,1029,33.0,5.4,48.1,63.0,4,Hook,-10.0,L,6.1,1.0,R,L,7.0,L,L
61,79.4,83.3,6.2,1.27,54.7,69.4,6699.0,L,920,33.2,2.0,47.3,56.0,4,Draw,-7.8,L,2.7,4.1,R,L,6.8,L,L
62,82.9,85.9,7.4,1.21,59.4,71.6,7901.0,L,124,27.7,4.7,42.7,48.0,4,Straight,-0.9,L,5.3,0.1,R,L,5.3,L,L
63,57.7,61.4,4.9,1.21,47.2,57.2,6116.0,L,846,29.5,3.0,38.9,31.0,3,Draw,-7.9,L,3.9,5.1,R,L,9.0,L,L
64,80.9,85.2,18.2,1.28,54.7,70.3,6496.0,L,2044,31.8,7.3,46.2,54.0,4,Pull Hook,-17.5,L,8.6,5.0,R,L,13.7,L,L
65,90.1,93.5,1.1,1.3,58.8,76.5,7379.0,L,102,34.9,0.4,51.4,75.0,4,Straight,-0.8,L,0.9,3.9,R,L,4.8,L,L
67,59.4,61.7,10.0,1.07,54.4,58.0,7055.0,L,1024,35.7,7.5,46.5,42.0,3,Pull Draw,-8.3,L,8.3,0.2,L,L,8.2,L,L
68,43.0,44.7,1.6,1.05,45.3,47.7,6482.0,R,63,36.7,2.1,44.3,29.0,2,Straight,0.6,L,2.2,1.8,L,L,0.4,L,L
69,23.8,22.7,0.5,0.71,48.7,34.8,7589.0,R,537,35.2,1.7,39.9,13.0,2,Fade,4.0,L,1.4,3.9,L,R,2.5,L,L
70,41.5,43.0,1.8,0.98,47.8,46.9,6464.0,R,259,37.6,2.8,45.0,29.0,2,Straight,2.3,L,3.1,0.3,L,L,2.8,L,L
71,42.5,43.0,3.4,1.09,44.0,47.8,7731.0,R,69,33.6,4.6,41.3,25.0,2,Straight,0.5,L,4.7,3.9,L,L,0.7,L,L
72,42.3,44.3,0.2,1.09,43.6,47.3,6204.0,R,1131,36.9,1.5,44.5,28.0,2,Slice,10.3,L,1.2,3.6,L,R,2.4,R,L
73,42.3,44.7,4.9,1.1,43.1,47.4,5902.0,L,579,35.9,5.6,43.1,27.0,2,Draw,-5.6,L,6.1,1.1,L,L,5.0,L,L
74,38.8,39.4,4.3,0.95,47.5,45.2,7244.0,R,346,35.1,6.7,42.2,24.0,2,Straight,2.7,L,5.5,18.1,L,R,12.6,L,L
75,40.0,42.5,3.1,1.01,46.1,46.5,5942.0,R,1476,31.6,2.3,38.0,21.0,2,Slice,14.0,R,3.6,9.2,L,R,12.8,R,R
76,28.4,29.3,0.9,1.05,36.2,37.8,5917.0,R,561,37.5,2.3,42.6,18.0,2,Fade,5.4,L,2.4,1.9,L,L,0.5,L,L
77,27.2,29.2,1.0,1.17,31.8,37.1,4699.0,R,170,37.6,1.9,41.8,17.0,2,Straight,2.1,R,2.0,0.9,R,R,1.0,R,R
78,25.5,26.6,1.8,1.02,35.1,35.9,5485.0,R,544,36.8,4.3,40.8,15.0,2,Fade,5.7,L,4.3,4.8,L,R,0.5,L,L
79,155.4,165.0,40.4,1.31,86.7,113.3,4885.0,R,2925,19.9,0.1,44.4,82.0,5,Slice,30.9,R,0.5,3.4,L,R,3.9,R,R
80,1.1,19.8,7.6,1.26,91.6,115.6,-277.0,L,960,-1.5,22.6,1.5,0.0,0,Pull Hook,-73.9,L,24.5,5.3,L,L,19.2,L,L
81,172.2,183.5,25.3,1.33,89.7,119.5,4177.0,R,1918,16.5,3.4,41.0,78.0,5,Slice,24.7,L,3.6,1.8,L,L,1.8,R,L
82,135.3,148.0,19.0,1.21,92.0,111.2,2641.0,R,967,8.0,13.4,17.5,22.0,3,Pull Slice,20.1,L,14.3,5.0,L,L,9.3,L,L
83,170.1,181.4,35.3,1.34,89.4,120.2,4159.0,R,2144,15.0,1.1,38.6,70.0,5,Slice,27.3,L,0.9,2.4,L,R,1.5,R,L
84,171.1,182.2,47.7,1.37,88.5,121.0,4348.0,R,2519,18.4,1.2,43.7,87.0,5,Slice,30.1,R,1.6,3.1,L,R,4.8,R,R
85,177.6,188.9,22.3,1.37,89.3,122.4,4338.0,R,2037,18.7,5.5,45.1,95.0,6,Slice,25.2,L,5.4,6.4,L,R,1.0,R,L
86,168.1,182.5,20.7,1.48,76.4,113.4,2524.0,R,927,15.1,0.9,32.0,57.0,4,Slice,20.2,L,0.9,1.4,L,R,0.5,R,L
87,155.3,164.5,24.8,1.41,82.0,115.3,5077.0,R,2349,12.9,2.3,35.2,55.0,4,Slice,24.8,L,2.0,4.4,L,R,2.3,R,L
88,147.4,157.5,7.8,1.45,80.0,115.7,4388.0,R,1766,8.2,5.7,24.6,33.0,4,Slice,21.9,L,5.7,5.5,L,L,0.2,R,L
89,164.6,175.2,7.0,1.49,79.7,118.5,4281.0,R,1149,10.3,4.1,30.6,48.0,4,Slice,15.0,L,4.1,4.8,L,R,0.7,R,L
90,133.1,149.4,3.8,1.47,70.6,104.0,1345.0,R,400,12.4,2.3,19.5,28.0,3,Slice,16.6,L,2.6,0.8,R,L,3.4,R,L
91,59.2,68.8,1.8,1.09,86.0,94.1,3230.0,R,876,3.2,3.8,5.1,3.0,1,Slice,15.2,L,3.9,2.9,L,L,1.0,L,L
92,174.3,185.3,16.1,1.49,81.2,120.8,4250.0,R,1058,12.0,1.4,34.9,61.0,5,Slice,14.0,L,1.1,4.2,L,R,3.1,R,L
93,174.4,184.7,13.6,1.49,82.0,121.8,4697.0,R,1130,12.1,2.1,36.3,63.0,5,Slice,13.5,L,1.7,5.9,L,R,4.2,R,L
94,163.6,176.6,29.9,1.48,76.8,113.8,3127.0,R,1059,13.5,2.5,31.5,53.0,4,Slice,18.7,R,3.2,3.2,L,R,6.3,R,R
95,171.4,183.0,36.8,1.49,79.6,118.4,4005.0,R,1793,16.8,0.7,40.6,77.0,5,Slice,24.1,R,1.1,2.4,L,R,3.4,R,R
96,131.2,147.4,4.5,1.47,68.6,100.6,1378.0,R,28,13.3,1.6,20.6,30.0,3,Straight,1.1,R,1.8,0.3,L,R,2.1,R,R
97,136.7,147.7,31.9,1.49,80.0,119.0,3644.0,R,2467,6.8,1.2,18.4,22.0,3,Slice,34.1,R,1.8,3.5,L,R,5.2,R,R
98,33.9,48.1,8.8,1.29,63.9,82.8,-131.0,L,543,7.1,8.4,7.4,3.0,0,Pull Hook,-76.4,L,10.0,5.6,R,L,15.6,L,L
99,168.4,180.7,8.6,1.44,81.5,117.7,3487.0,R,806,11.1,8.1,29.7,48.0,4,Pull Slice,13.0,L,9.0,0.1,L,L,8.9,L,L
100,55.7,70.2,9.1,1.35,84.3,114.0,1276.0,R,820,2.7,10.4,3.2,2.0,1,Pull Slice,32.7,L,11.6,0.6,R,L,12.2,L,L
101,163.2,174.4,8.1,1.47,81.2,119.6,4042.0,R,1069,8.8,8.7,27.0,40.0,4,Pull Slice,14.8,L,9.2,4.4,L,L,4.8,L,L
102,169.9,184.0,32.0,1.45,78.8,114.5,2632.0,L,529,13.3,5.8,30.1,52.0,4,Hook,-11.4,L,6.0,3.9,L,L,2.1,L,L
103,170.0,184.2,15.0,1.47,76.3,112.5,2744.0,L,158,15.0,3.4,32.8,59.0,5,Draw,-3.3,L,3.5,3.0,L,L,0.5,L,L
104,151.0,162.0,44.8,1.45,80.1,115.9,3832.0,L,944,7.6,10.9,22.7,31.0,4,Pull Hook,-13.8,L,11.7,4.2,L,L,7.5,L,L
105,87.1,102.2,4.0,1.41,58.4,82.3,859.0,L,367,15.3,5.4,19.1,20.0,2,Hook,-23.1,R,6.3,3.4,L,R,9.7,R,R
106,105.9,122.6,9.5,1.35,68.1,91.8,808.0,L,110,14.4,3.5,18.5,23.0,2,Draw,-7.7,L,3.4,4.5,L,R,1.1,L,L
107,158.0,170.3,11.2,1.42,76.1,107.9,3426.0,R,839,17.6,1.9,37.7,67.0,5,Slice,13.8,L,1.7,3.5,L,R,1.7,R,L
108,136.8,154.0,3.7,1.3,73.8,96.3,1160.0,R,110,18.1,0.2,26.7,43.0,4,Fade,5.4,R,0.7,4.0,L,R,4.7,R,R
109,169.5,180.8,8.2,1.41,81.6,115.4,4162.0,R,357,15.0,4.9,38.1,70.0,5,Fade,4.9,L,4.7,6.2,L,R,1.5,L,L
110,145.8,153.3,2.8,1.39,76.6,106.4,6208.0,L,513,16.7,1.2,40.5,67.0,5,Draw,-4.7,R,0.9,3.6,R,L,2.6,L,R
111,136.1,143.3,4.7,1.31,77.2,100.7,6166.0,L,469,17.8,0.0,40.0,63.0,5,Draw,-4.3,L,0.2,1.7,R,L,1.9,L,L
112,134.6,141.5,1.2,1.35,74.6,100.6,6425.0,L,259,17.1,0.6,39.3,60.0,5,Straight,-2.3,R,0.5,0.7,R,L,0.2,L,R
113,134.3,140.8,4.1,1.32,75.7,100.2,6610.0,L,63,18.3,1.9,41.0,65.0,5,Straight,-0.5,R,1.9,2.3,R,L,0.4,R,R
114,140.3,148.4,12.0,1.31,78.4,103.0,5670.0,L,1036,17.2,0.2,39.4,63.0,5,Hook,-10.4,L,0.7,4.3,R,L,5.0,L,L
115,131.7,137.7,1.3,1.29,77.8,100.4,6939.0,L,494,15.3,1.2,37.1,53.0,4,Draw,-4.1,R,1.0,3.6,R,L,2.6,L,R
116,136.8,142.7,8.9,1.26,80.7,102.1,7180.0,R,464,18.1,2.0,41.9,67.0,5,Fade,3.7,R,1.8,4.0,R,L,2.3,R,R
117,130.4,138.8,9.7,1.23,79.0,97.1,5226.0,L,648,17.8,1.2,37.4,56.0,4,Draw,-7.1,L,1.6,2.6,R,L,4.2,L,L
118,131.2,138.2,1.2,1.24,79.4,98.6,6167.0,L,178,17.1,0.2,38.1,56.0,4,Straight,-1.7,R,0.1,1.3,R,L,1.2,L,R
119,142.5,148.8,8.7,1.3,80.5,105.0,6959.0,R,328,18.1,2.1,42.9,73.0,5,Straight,2.7,R,2.0,2.8,R,L,0.7,R,R
120,57.3,62.0,1.8,0.9,63.9,57.2,4512.0,R,404,42.6,0.6,51.9,51.0,3,Fade,5.1,R,1.1,3.7,L,R,4.8,R,R
121,210.2,225.1,8.2,1.39,95.3,132.4,2844.0,L,271,11.5,0.4,33.1,67.0,5,Draw,-5.4,R,1.0,5.7,L,R,6.7,L,R
122,193.6,203.8,1.6,1.39,98.4,136.8,4743.0,R,615,5.7,4.0,29.5,47.0,5,Fade,7.4,L,4.1,3.0,L,L,1.1,L,L
123,183.9,199.4,40.4,1.3,94.8,123.3,2362.0,L,1025,12.4,3.1,29.0,53.0,4,Hook,-23.5,L,2.8,5.3,L,R,2.5,L,L
124,214.2,230.1,72.3,1.48,104.1,154.5,2358.0,R,1548,6.4,6.3,20.5,37.0,4,Slice,33.3,R,7.1,0.3,L,R,7.4,R,R
126,150.8,157.8,2.3,1.29,85.1,109.8,6642.0,R,812,16.2,2.6,41.8,71.0,5,Fade,7.0,L,2.3,4.7,L,R,2.4,R,L
127,147.4,155.1,11.5,1.29,82.2,106.4,6010.0,R,32,18.1,4.5,42.3,73.0,5,Straight,0.3,L,4.4,5.0,L,R,0.6,L,L
128,155.6,163.1,13.5,1.28,87.0,111.2,6364.0,L,147,19.0,4.2,45.5,87.0,5,Straight,-1.3,L,4.2,3.9,L,L,0.3,L,L
129,248.6,265.7,7.9,1.42,106.3,151.5,2391.0,L,62,8.7,1.2,28.4,62.0,5,Straight,-1.5,L,1.5,1.9,R,L,3.5,L,L
130,1.5,47.7,0.1,1.44,109.2,157.2,-413.0,R,1228,-9.7,0.3,9.7,0.0,0,Slice,71.4,L,0.1,1.3,L,R,1.1,L,L
133,266.5,283.1,39.1,1.4,109.2,153.4,2459.0,R,460,14.2,2.9,40.1,111.0,7,Slice,10.6,R,3.6,2.7,L,R,6.3,R,R
134,123.6,127.5,3.4,1.14,83.6,95.3,8254.0,R,800,23.8,4.0,47.0,78.0,5,Fade,5.5,L,3.7,7.1,L,R,3.4,L,L
135,87.7,91.3,2.9,0.92,81.8,74.9,7193.0,R,865,34.6,0.5,50.7,71.0,4,Fade,6.9,R,0.6,10.4,L,R,10.9,R,L
136,102.2,104.5,5.8,0.96,86.1,83.1,8957.0,R,1010,26.2,5.7,45.8,64.0,4,Fade,6.4,L,5.7,6.4,L,R,0.7,L,L
137,212.7,230.1,9.8,1.41,104.4,147.2,1737.0,L,501,7.2,2.4,17.1,33.0,4,Hook,-16.1,R,2.8,1.0,L,R,3.7,L,R
138,254.9,272.0,60.4,1.46,104.4,152.0,2920.0,R,842,17.3,4.4,46.3,137.0,7,Slice,16.1,R,4.9,0.3,R,R,4.5,R,R
139,3.7,5.4,0.2,1.38,11.0,15.2,766.0,L,69,23.6,2.6,24.2,1.0,0,Draw,-5.2,L,3.3,4.4,R,L,7.8,L,L
140,170.5,180.1,10.1,1.34,87.3,117.4,5229.0,L,5,17.0,3.3,43.6,86.0,5,Straight,-0.1,L,3.4,1.8,L,L,1.6,L,L
141,43.9,47.4,1.7,0.96,49.9,48.2,5002.0,R,274,36.2,2.6,43.2,28.0,2,Fade,3.1,L,0.8,18.3,L,R,17.5,L,L
143,151.6,160.7,8.5,1.25,86.9,108.2,5230.0,R,890,17.1,1.3,40.5,70.0,5,Slice,9.7,L,1.0,4.0,L,R,3.0,R,L
144,165.7,176.2,32.2,1.37,84.2,115.0,4481.0,L,725,14.1,6.5,37.1,65.0,5,Hook,-9.2,L,6.9,2.5,L,L,4.4,L,L
145,165.8,175.0,9.3,1.33,87.1,116.2,5348.0,R,915,15.3,1.7,41.0,74.0,5,Slice,9.7,L,1.4,4.6,L,R,3.2,R,L
146,164.3,172.6,19.8,1.38,84.4,116.6,5970.0,R,1351,17.2,0.2,44.4,86.0,5,Slice,12.7,R,0.6,3.1,L,R,3.7,R,R
147,271.2,289.0,20.3,1.38,111.8,154.6,2447.0,R,199,13.7,1.8,39.6,110.0,7,Fade,4.7,R,2.2,1.7,L,R,3.8,R,R
148,40.0,42.7,0.4,0.78,60.5,47.0,4664.0,R,865,47.3,2.0,53.8,39.0,3,Slice,10.5,L,1.2,9.8,L,R,8.7,L,L
149,194.5,204.4,13.4,1.39,95.1,132.0,5414.0,R,765,14.2,0.6,44.5,96.0,6,Fade,8.0,L,0.4,3.1,L,R,2.7,R,L
150,249.9,264.5,40.8,1.4,110.4,154.9,3732.0,R,685,13.1,3.1,44.6,119.0,7,Slice,10.4,R,3.5,0.1,R,R,3.4,R,R
151,1.4,37.2,2.5,1.44,104.3,149.7,2971.0,R,828,-8.2,3.9,8.1,0.0,0,Slice,15.6,R,3.8,4.6,R,L,0.8,R,R
153,18.8,22.6,0.4,1.36,24.7,33.7,2471.0,R,149,24.0,1.2,25.7,6.0,1,Fade,3.4,L,1.8,4.6,R,L,6.4,L,L
154,195.4,206.9,4.2,1.5,91.8,138.0,3798.0,R,209,4.8,0.3,23.8,37.0,4,Fade,3.2,L,0.1,1.9,L,R,1.8,R,L
156,169.8,179.7,3.9,1.4,84.0,117.2,5092.0,R,743,16.8,2.8,43.1,84.0,5,Fade,8.3,L,2.7,4.3,L,R,1.6,R,L
157,170.0,180.7,9.9,1.35,86.0,115.7,4610.0,L,109,16.6,2.5,41.5,80.0,5,Straight,-1.4,L,2.5,2.5,L,L,0.0,L,L
158,164.2,172.2,13.9,1.35,86.9,116.9,6173.0,R,1224,16.2,1.0,43.6,82.0,5,Slice,11.2,L,0.7,3.5,L,R,2.7,R,L
159,154.0,161.1,38.2,1.29,86.9,112.4,6503.0,R,1940,21.6,5.5,48.5,98.0,6,Slice,16.6,R,6.1,0.3,L,R,6.4,R,R
160,106.7,113.8,7.2,1.01,83.3,83.9,5349.0,L,727,31.8,0.8,49.5,80.0,5,Draw,-7.7,L,0.6,2.8,L,R,2.2,L,L
161,107.8,114.4,1.0,0.98,86.1,84.8,5749.0,R,617,30.6,1.9,48.8,78.0,5,Fade,6.1,L,1.6,4.0,L,R,2.4,R,L
162,230.3,245.9,11.4,1.42,98.2,139.7,2872.0,L,282,13.2,0.0,37.8,89.0,6,Draw,-5.6,R,0.2,2.2,L,R,2.5,L,L
163,222.2,236.7,17.0,1.35,101.6,137.5,3396.0,R,261,14.6,1.9,41.9,101.0,6,Fade,4.4,R,2.8,5.4,L,R,8.2,R,R
165,97.2,96.9,2.2,1.03,79.3,81.9,10570.0,R,823,29.7,3.2,49.9,72.0,5,Fade,4.5,L,3.1,3.8,L,R,0.7,L,L
166,92.4,92.1,5.5,1.01,77.7,78.8,10406.0,R,1442,30.4,0.4,49.6,68.0,4,Fade,7.9,R,0.7,2.5,L,R,3.2,R,R
167,93.8,92.7,3.2,0.94,84.7,80.0,11134.0,R,1187,29.3,0.4,49.3,68.0,4,Fade,6.1,L,0.0,4.0,L,R,4.0,R,L
168,161.9,171.1,1.6,1.28,88.4,113.0,5346.0,R,324,17.5,2.2,43.0,81.0,5,Fade,3.5,L,2.2,2.9,L,R,0.8,L,L
169,149.0,157.2,13.3,1.24,87.1,107.7,5686.0,R,1344,17.8,1.2,41.8,72.0,5,Slice,13.3,L,0.7,5.5,L,R,4.8,R,L
170,161.4,169.0,25.5,1.38,84.0,116.0,6374.0,R,1625,18.9,1.4,46.4,92.0,6,Slice,14.3,R,1.9,3.1,L,R,5.1,R,R
171,156.8,165.6,13.2,1.2,92.4,111.0,5581.0,R,942,18.6,0.1,44.0,82.0,5,Slice,9.6,R,0.1,0.2,L,R,0.3,R,R
172,255.4,275.1,39.2,1.46,103.5,150.9,1834.0,L,950,14.3,2.8,34.3,88.0,6,Hook,-27.4,R,2.8,2.5,R,R,0.4,L,R
173,216.2,228.4,12.6,1.49,94.5,140.7,4408.0,R,498,11.9,0.3,41.5,92.0,6,Fade,6.4,L,0.2,1.9,L,R,1.7,R,L
174,188.2,203.9,10.9,1.27,96.0,122.4,2196.0,L,165,11.9,4.6,27.2,51.0,5,Draw,-4.3,R,5.5,3.4,L,R,8.9,R,R
175,256.9,272.7,33.8,1.47,105.2,154.5,3256.0,R,387,13.2,3.6,42.9,116.0,7,Fade,6.8,R,3.9,1.2,R,R,2.7,R,R
177,199.3,214.7,6.9,1.37,93.1,127.4,2560.0,L,349,11.7,1.3,30.4,59.0,5,Draw,-7.8,R,2.2,6.4,L,R,8.6,L,R
178,190.7,205.2,12.4,1.31,96.0,125.7,2688.0,L,376,10.6,6.6,28.4,52.0,5,Draw,-8.0,R,7.8,4.1,L,R,11.9,R,R
179,152.2,160.2,8.6,1.21,90.9,109.8,5935.0,R,870,16.0,0.8,40.5,69.0,5,Fade,8.3,L,0.4,5.1,L,R,4.7,R,L
180,152.2,160.9,10.6,1.29,84.3,108.5,5475.0,R,791,18.2,0.0,42.3,76.0,5,Fade,8.2,R,0.5,4.7,L,R,5.2,R,L
183,105.3,106.7,2.9,1.06,80.5,85.3,9724.0,R,695,25.2,3.3,46.1,66.0,4,Fade,4.1,L,3.4,2.2,L,L,1.1,L,L
184,199.6,215.4,37.4,1.34,95.1,127.2,2452.0,R,535,12.5,5.1,31.0,62.0,5,Slice,12.3,R,6.1,3.9,L,R,10.0,R,R
185,214.1,227.6,3.9,1.44,96.0,138.3,3480.0,L,102,9.0,0.3,32.9,64.0,5,Straight,-1.7,R,0.1,3.3,L,R,3.4,L,L
186,179.8,193.1,26.6,1.26,92.6,116.9,3222.0,R,423,16.6,4.8,38.4,77.0,5,Fade,7.5,R,6.0,5.8,L,R,11.8,R,R
187,87.0,98.2,79.1,0.83,97.5,81.2,2115.0,R,3836,21.8,40.0,31.5,33.0,3,Push Slice,61.1,R,44.9,3.7,L,R,48.6,R,R
188,258.8,275.4,16.5,1.47,104.0,153.4,3054.0,R,268,14.2,0.9,43.1,120.0,7,Fade,5.0,R,0.9,0.7,R,R,0.2,R,R
189,205.0,216.3,39.3,1.37,102.0,139.9,4985.0,R,800,23.2,5.1,53.8,166.0,7,Slice,9.1,R,6.1,3.4,L,R,9.5,R,R
191,251.6,267.1,47.7,1.48,104.1,153.7,3432.0,R,764,15.3,3.4,46.2,132.0,7,Slice,12.5,R,3.6,1.7,R,R,1.9,R,R
194,275.7,295.2,2.2,1.47,105.8,155.5,2107.0,R,83,13.0,1.4,35.8,97.0,6,Straight,2.3,L,1.2,2.9,L,R,1.7,L,L
195,1.4,27.1,4.9,1.35,107.8,145.7,851.0,L,358,-3.5,10.4,3.5,0.0,0,Pull Hook,-22.8,L,12.1,5.5,R,L,17.6,L,L
196,240.4,258.3,41.1,1.32,107.5,142.2,2256.0,R,395,12.9,4.9,34.4,82.0,6,Slice,9.9,R,5.8,2.9,L,R,8.7,R,R
200,217.2,229.9,0.5,1.5,91.3,136.9,3687.0,L,131,13.1,0.9,40.5,91.0,6,Straight,-2.0,R,1.2,1.4,L,R,2.6,L,R
201,194.9,211.0,4.9,1.28,94.5,121.3,2409.0,L,373,16.0,5.0,35.5,75.0,5,Draw,-8.8,R,6.1,5.2,L,R,11.3,R,R
202,157.8,167.0,0.6,1.32,85.0,112.0,5117.0,R,418,14.1,2.3,37.5,63.0,5,Fade,4.7,L,2.4,1.8,L,L,0.7,L,L
203,136.3,146.1,9.8,1.15,85.7,98.7,4436.0,L,304,17.9,2.4,37.3,58.0,4,Draw,-3.9,L,2.5,1.3,L,L,1.2,L,L
204,134.4,143.6,1.2,1.15,85.7,98.5,4738.0,R,301,17.4,2.0,36.9,56.0,4,Fade,3.6,L,1.9,2.4,L,R,0.5,L,L
205,149.9,158.8,6.0,1.24,86.1,107.1,5293.0,R,90,16.5,2.6,39.5,67.0,5,Straight,1.0,L,2.6,3.1,L,R,0.6,L,L
206,162.1,172.7,20.9,1.33,83.8,111.3,4424.0,L,524,17.5,4.0,40.9,76.0,5,Draw,-6.8,L,4.2,2.0,L,L,2.2,L,L
207,96.5,99.1,3.8,0.99,80.4,79.9,8345.0,R,588,30.5,3.8,48.8,70.0,4,Fade,4.0,L,3.6,5.3,L,R,1.7,L,L
208,95.9,97.9,2.1,1.07,75.0,80.1,8744.0,R,582,31.8,2.8,50.2,74.0,5,Fade,3.8,L,2.5,5.1,L,R,2.6,L,L
209,79.8,82.7,3.2,0.86,80.7,69.6,7725.0,R,664,30.1,3.8,44.8,50.0,4,Fade,4.9,L,3.3,8.1,L,R,4.8,L,L
210,82.5,89.9,8.8,0.87,80.6,70.1,4178.0,L,1489,32.5,0.4,45.4,54.0,4,Hook,-19.6,R,0.3,6.9,L,R,7.2,L,L
211,4.1,5.2,1.8,1.34,12.3,16.5,232.0,R,101,67.7,20.4,68.2,7.0,1,Pull Slice,23.5,L,28.1,0.0,R,L,28.1,L,L
212,88.2,95.3,2.8,0.92,79.9,73.3,4766.0,R,497,27.9,3.4,41.5,50.0,4,Fade,5.9,L,3.0,6.7,L,R,3.6,L,L
213,87.2,86.4,1.7,0.92,82.0,75.2,10928.0,R,326,27.2,1.8,45.3,54.0,4,Straight,1.7,L,1.3,6.6,L,R,5.4,L,L
214,87.9,89.1,5.6,0.98,77.0,75.2,9202.0,R,332,30.8,4.4,48.0,62.0,4,Straight,2.1,L,3.6,11.5,L,R,8.0,L,L
215,83.4,82.7,0.0,1.2,61.0,72.9,10504.0,R,983,29.8,1.9,47.2,57.0,4,Fade,5.3,L,0.9,11.0,L,R,10.1,R,L
216,78.7,81.3,0.6,0.88,78.4,69.1,7918.0,R,255,30.0,1.1,44.6,50.0,4,Straight,1.8,L,0.2,8.4,L,R,8.1,L,L
217,79.4,82.7,2.8,0.87,80.0,69.6,7097.0,R,95,34.3,2.2,48.8,60.0,4,Straight,0.8,L,1.7,6.8,L,R,5.0,L,L
218,71.1,75.1,5.7,0.82,78.7,64.8,6093.0,R,582,36.6,3.0,49.2,55.0,4,Fade,5.5,R,2.6,6.0,R,L,3.3,R,R
219,85.8,84.6,3.4,0.98,76.0,74.6,11102.0,R,563,28.8,1.4,47.0,57.0,4,Straight,2.9,R,2.6,9.4,L,R,12.0,R,R
220,89.3,88.8,0.3,1.05,73.2,76.7,10682.0,R,611,28.6,1.4,47.1,60.0,4,Fade,3.3,L,0.9,6.1,L,R,5.2,L,L
221,79.5,78.0,2.4,0.95,75.3,71.1,11177.0,R,1361,29.0,0.6,46.1,52.0,4,Fade,6.9,R,0.7,11.7,L,R,12.3,R,L
222,83.3,84.1,0.8,0.93,77.8,72.7,9419.0,R,530,30.4,1.7,47.0,57.0,4,Fade,3.2,L,0.9,8.7,L,R,7.8,L,L
223,52.4,56.5,1.7,1.05,50.7,53.4,5064.0,R,250,35.1,2.3,43.6,34.0,3,Straight,2.8,L,0.1,0.0,R,L,0.1,L,L
224,46.4,52.1,3.3,1.0,49.4,49.6,3266.0,L,537,34.1,2.3,40.6,27.0,2,Hook,-9.3,L,0.3,0.0,R,L,0.3,L,L
225,45.1,47.5,0.2,0.94,52.4,49.2,6318.0,R,467,32.4,0.6,40.1,25.0,2,Fade,4.2,R,0.7,11.9,L,R,12.6,R,L
226,52.8,55.3,0.7,0.94,57.2,53.9,6830.0,R,684,31.9,1.8,41.0,31.0,3,Fade,5.7,R,0.2,0.0,R,R,0.2,L,L
227,51.9,52.8,2.6,0.89,61.0,54.3,8390.0,R,621,28.7,3.7,37.9,27.0,2,Fade,4.2,L,1.9,0.0,R,L,1.9,L,L
228,69.8,71.8,0.5,1.09,59.6,65.0,8367.0,R,769,25.5,1.1,37.8,34.0,3,Fade,5.3,L,1.0,1.3,L,R,0.2,R,L
229,106.3,106.5,0.0,1.15,75.3,86.4,10628.0,R,445,25.0,1.1,46.7,68.0,4,Straight,2.4,L,1.2,0.2,L,L,1.0,R,L
230,95.5,96.1,3.6,1.05,75.6,79.7,10265.0,R,642,24.0,3.5,43.2,53.0,4,Fade,3.6,L,3.5,3.5,L,L,0.1,L,L
231,93.9,97.2,15.9,1.08,72.0,77.9,8041.0,L,946,25.0,7.1,42.3,52.0,4,Pull Draw,-6.7,L,7.2,6.4,L,L,0.8,L,L
238,157.5,167.1,5.7,1.36,83.3,113.7,4859.0,L,526,11.2,0.8,32.5,50.0,4,Draw,-6.2,R,0.2,6.1,R,L,5.9,L,R
240,157.1,166.5,10.0,1.34,84.2,112.7,5039.0,R,148,12.3,2.8,34.6,55.0,5,Straight,1.7,R,2.3,7.2,R,L,4.9,R,R
242,156.1,165.7,13.5,1.43,79.6,114.1,4931.0,L,858,10.9,0.4,31.9,49.0,4,Hook,-9.9,L,0.9,3.4,R,L,4.3,L,L
244,132.7,142.3,18.7,1.42,68.5,97.1,4550.0,R,1409,21.2,0.9,41.2,67.0,5,Slice,17.2,R,1.3,2.6,L,R,3.8,R,R
245,146.0,154.5,24.0,1.47,71.6,105.5,5568.0,R,1315,20.5,3.0,44.3,80.0,5,Slice,13.3,R,3.4,0.9,L,R,4.3,R,R
252,145.4,153.7,9.1,1.35,82.6,111.5,5464.0,R,276,8.7,2.3,27.6,37.0,4,Straight,2.9,R,2.0,4.7,R,L,2.7,R,R
253,170.7,180.6,1.1,1.44,82.6,118.8,4904.0,L,466,12.5,2.2,36.9,64.0,5,Draw,-5.4,R,1.9,5.6,R,L,3.8,L,R
254,163.9,173.7,1.0,1.41,82.1,115.8,4901.0,L,480,12.3,2.3,35.5,58.0,5,Draw,-5.6,R,2.1,3.8,R,L,1.7,L,R
256,132.4,140.9,6.5,1.38,75.6,104.5,5054.0,R,247,9.4,1.6,25.7,32.0,4,Straight,2.8,R,1.7,0.7,R,R,1.0,R,R
258,163.8,172.9,8.0,1.42,82.1,116.4,5220.0,R,30,11.7,2.6,35.3,57.0,5,Straight,0.3,R,2.4,4.1,R,L,1.7,R,R
262,167.4,177.2,1.4,1.45,80.8,117.2,4931.0,L,362,12.9,1.5,36.9,63.0,5,Draw,-4.2,R,1.1,5.6,R,L,4.6,L,R
265,176.3,185.8,4.8,1.22,99.4,121.2,5374.0,R,14,20.0,1.5,48.0,109.0,6,Straight,0.2,R,1.3,3.0,R,L,1.7,R,R
266,168.0,176.5,22.8,1.35,89.1,120.2,5827.0,R,1937,14.7,1.7,41.7,76.0,5,Slice,18.4,L,1.5,3.8,L,R,2.3,R,L
267,101.4,113.3,4.7,1.42,64.4,91.6,2404.0,L,188,10.6,3.5,17.5,19.0,3,Draw,-4.5,R,3.2,5.5,R,L,2.3,R,R
268,188.8,201.7,5.4,1.43,85.3,122.2,3788.0,R,362,18.1,1.1,43.7,97.0,6,Fade,5.5,L,1.2,0.3,L,L,0.9,R,L
269,148.4,161.3,12.5,1.3,80.0,104.0,2938.0,R,1101,17.5,3.1,34.7,57.0,4,Slice,20.5,L,2.9,4.4,L,R,1.5,R,L
270,148.6,158.7,21.6,1.21,91.4,110.3,4472.0,R,2202,14.3,2.9,34.7,53.0,4,Slice,26.2,L,3.0,2.1,L,L,0.9,R,L
271,167.3,176.1,30.5,1.34,88.9,118.9,5644.0,R,1932,16.7,0.7,43.9,84.0,5,Slice,18.9,R,0.9,1.1,L,R,2.0,R,R
272,57.0,69.9,1.0,1.19,98.0,116.2,2072.0,R,2129,2.2,4.5,3.0,1.0,1,Slice,45.8,L,5.0,0.1,L,L,5.0,R,L
273,177.9,190.4,7.3,1.34,88.2,118.1,3648.0,R,534,15.2,5.9,38.0,73.0,5,Fade,8.3,L,6.1,4.2,L,L,2.0,L,L
274,163.7,175.0,10.2,1.29,87.3,112.8,4040.0,R,1483,18.5,5.6,41.8,79.0,5,Slice,20.2,L,5.9,3.6,L,L,2.3,R,L
275,168.1,179.7,35.1,1.37,85.0,116.4,4083.0,R,1891,18.4,0.0,42.6,83.0,5,Slice,24.8,R,0.3,2.7,L,R,2.9,R,L
276,146.5,156.6,11.1,1.24,95.2,117.8,4297.0,R,1856,7.0,4.7,22.2,28.0,4,Slice,23.4,L,5.0,2.1,L,L,2.9,R,L
277,168.5,182.1,29.8,1.41,80.8,114.3,2962.0,R,1282,16.4,0.1,35.8,66.0,5,Slice,23.4,R,0.4,2.6,L,R,3.0,R,R
278,170.1,187.9,17.1,1.45,76.2,110.7,1452.0,R,474,16.8,0.0,29.1,55.0,4,Slice,18.1,R,0.2,2.0,L,R,2.3,R,L
279,124.2,142.7,23.8,1.38,71.9,99.6,796.0,R,883,16.7,1.1,22.9,33.0,3,Slice,48.0,R,1.5,2.3,L,R,3.8,R,R
280,173.0,184.9,17.0,1.49,86.7,129.3,3353.0,L,944,5.6,0.8,20.3,29.0,4,Hook,-15.7,R,0.6,2.5,R,L,1.9,L,R
281,182.8,193.0,9.6,1.49,87.4,130.3,4722.0,R,313,6.5,1.1,28.9,45.0,5,Fade,3.8,R,1.1,1.0,R,R,0.1,R,R
282,187.2,199.7,19.6,1.5,86.3,129.4,3528.0,L,932,8.6,0.7,28.6,48.0,5,Hook,-14.8,R,0.7,1.1,R,L,0.4,L,R
283,147.3,162.7,29.5,1.5,86.3,129.2,1783.0,L,1479,6.9,0.6,13.8,19.0,3,Hook,-39.7,L,1.0,3.3,R,L,4.4,L,L
284,172.4,183.8,12.4,1.47,82.5,121.3,3952.0,L,700,9.6,0.4,29.7,47.0,4,Hook,-10.1,R,0.1,3.5,R,L,3.4,L,R
285,167.5,177.4,15.6,1.48,81.0,120.0,4713.0,R,493,9.2,2.4,30.8,48.0,5,Fade,6.0,R,2.3,3.9,R,L,1.6,R,R
286,157.3,168.2,3.4,1.37,82.6,113.3,4031.0,L,58,10.5,1.5,29.0,44.0,4,Straight,-0.8,R,1.4,3.1,R,L,1.7,R,R
287,165.7,175.9,3.2,1.46,81.0,118.5,4564.0,L,63,9.5,1.4,30.6,47.0,4,Straight,-0.8,R,0.9,5.9,R,L,4.9,R,R
288,148.9,157.0,5.0,1.3,84.1,109.0,5786.0,L,283,13.1,0.6,35.7,55.0,5,Straight,-2.8,L,1.2,4.8,R,L,6.0,L,L
292,158.8,167.3,3.3,1.35,83.4,112.5,5686.0,L,236,15.9,0.0,41.2,73.0,5,Straight,-2.4,R,0.0,0.2,L,R,0.2,L,R
294,149.2,157.5,3.8,1.3,82.8,107.7,5594.0,L,268,15.2,2.6,38.4,62.0,5,Straight,-2.7,R,2.6,2.8,R,L,0.3,R,R
295,149.9,158.0,14.1,1.36,79.7,108.0,5815.0,R,364,16.6,3.5,40.6,69.0,5,Fade,3.6,R,3.5,3.5,R,R,0.1,R,R
296,158.6,168.1,12.4,1.39,80.6,112.5,5071.0,L,712,14.5,0.7,37.9,64.0,5,Draw,-8.0,L,1.1,2.6,R,L,3.7,L,L
297,130.6,141.2,4.6,1.28,75.5,96.9,3833.0,L,352,16.0,0.1,32.3,46.0,4,Draw,-5.2,L,0.4,2.9,R,L,3.3,L,L
298,134.8,139.9,2.4,1.31,77.5,101.3,7682.0,L,687,20.8,1.5,45.2,77.0,5,Draw,-5.1,R,1.1,4.7,R,L,3.5,L,R
299,136.8,141.9,0.5,1.31,77.8,102.3,7664.0,L,427,21.4,1.4,46.4,82.0,5,Draw,-3.2,R,1.1,3.9,R,L,2.8,L,R
300,129.8,134.8,0.6,1.28,76.8,98.0,7590.0,L,14,22.2,0.3,45.7,77.0,5,Straight,-0.1,R,0.0,3.2,R,L,3.2,R,R
301,125.0,129.9,1.5,1.25,76.1,95.4,7586.0,L,15,20.9,0.7,43.5,68.0,5,Straight,-0.1,R,0.5,2.5,R,L,2.0,R,R
302,138.7,143.4,0.4,1.36,76.1,103.6,7970.0,L,310,20.0,1.0,45.4,79.0,5,Straight,-2.2,R,0.8,2.4,R,L,1.5,L,R
303,139.1,144.5,16.8,1.37,75.8,103.7,7515.0,L,1141,19.9,2.7,45.0,78.0,5,Draw,-8.6,L,3.1,1.6,R,L,4.7,L,L
304,132.3,136.9,1.1,1.27,78.5,99.9,7998.0,L,43,20.7,0.6,45.0,75.0,5,Straight,-0.3,R,0.3,3.1,R,L,2.8,R,R
306,143.2,148.7,10.4,1.36,77.6,105.9,7454.0,L,758,20.7,1.2,46.5,85.0,5,Draw,-5.8,L,1.8,3.8,R,L,5.6,L,L
307,129.7,135.8,1.5,1.29,75.3,97.3,6809.0,L,253,22.2,0.4,44.9,75.0,5,Straight,-2.1,R,0.1,2.2,R,L,2.1,L,R
308,121.3,126.7,3.4,1.19,78.8,93.7,7231.0,R,56,18.5,1.8,39.4,56.0,4,Straight,0.4,L,2.2,2.0,R,L,4.2,L,L
309,123.0,128.5,11.9,1.27,73.9,93.8,7101.0,R,534,23.4,3.6,45.3,73.0,5,Fade,4.3,R,3.5,4.3,R,L,0.8,R,R
310,137.2,146.3,1.1,1.27,77.6,98.7,4955.0,R,283,21.9,1.9,43.4,75.0,5,Fade,3.3,R,0.7,1.3,L,R,2.0,L,L
311,137.1,141.6,17.8,1.3,80.0,103.6,8187.0,R,1669,20.5,1.7,46.0,80.0,5,Slice,11.5,R,2.2,2.2,L,R,4.4,R,R
312,119.4,126.1,1.4,1.19,80.2,95.7,6236.0,R,451,12.9,1.0,30.4,37.0,4,Fade,4.1,L,1.6,4.4,R,L,6.0,R,L
313,133.2,138.3,0.4,1.22,81.8,100.0,7650.0,L,160,21.5,0.4,45.8,78.0,5,Straight,-1.2,R,0.2,2.3,R,L,2.1,L,R
314,140.6,146.0,2.0,1.27,82.0,104.3,7579.0,L,407,20.0,0.7,45.5,80.0,5,Draw,-3.1,R,0.4,4.1,R,L,3.7,L,R
315,134.7,139.9,2.4,1.29,78.1,100.9,7614.0,L,319,21.5,2.1,46.0,80.0,5,Straight,-2.4,R,1.8,5.3,R,L,3.6,R,R
316,120.5,124.5,2.4,1.2,77.9,93.3,8217.0,L,66,22.7,1.4,45.1,70.0,5,Straight,-0.5,R,1.4,1.5,R,L,0.2,R,R
317,123.1,129.2,2.0,1.24,75.3,93.5,6678.0,L,501,23.2,0.9,44.5,71.0,5,Draw,-4.3,R,0.7,3.3,R,L,2.6,L,R
318,130.2,135.9,4.0,1.31,74.6,97.9,7150.0,L,699,22.5,0.8,45.8,77.0,5,Draw,-5.6,R,0.4,4.8,R,L,4.4,L,R
319,136.9,142.1,3.8,1.34,76.3,102.2,7629.0,L,185,21.8,2.2,46.7,84.0,5,Straight,-1.4,R,1.9,4.9,R,L,3.0,R,R
321,133.2,138.0,6.9,1.29,78.2,100.6,7838.0,L,972,20.1,0.5,44.4,73.0,5,Draw,-7.1,R,0.1,3.8,R,L,3.7,L,R
322,129.1,133.4,10.0,1.29,76.0,98.0,8073.0,R,372,22.1,3.2,46.1,77.0,5,Straight,2.6,R,3.2,2.9,R,R,0.3,R,R
323,133.1,138.2,0.8,1.26,79.3,100.1,7637.0,L,418,21.9,1.2,46.1,80.0,5,Draw,-3.1,R,0.9,4.0,R,L,3.1,L,R
324,140.2,145.3,14.3,1.34,78.0,104.5,7756.0,L,811,18.3,2.8,43.7,73.0,5,Draw,-6.0,L,3.2,1.0,R,L,4.2,L,L
325,131.1,135.7,7.2,1.23,80.9,99.9,8024.0,R,234,17.3,2.3,40.8,62.0,5,Straight,1.7,R,2.0,5.3,R,L,3.3,R,R
326,124.6,130.0,6.3,1.21,78.2,94.7,7186.0,R,225,23.1,2.1,45.3,74.0,5,Straight,1.8,R,1.9,3.4,R,L,1.4,R,R
327,129.8,137.0,7.5,1.27,75.8,96.7,6091.0,L,794,21.0,0.0,42.6,68.0,5,Draw,-7.4,L,0.6,5.2,R,L,5.8,L,L
328,131.4,136.4,2.1,1.23,80.8,99.3,7697.0,L,252,18.4,1.7,41.9,65.0,5,Straight,-1.9,R,1.3,5.6,R,L,4.3,R,R
329,139.4,144.6,6.4,1.3,79.7,103.8,7631.0,L,851,20.8,0.6,46.0,82.0,5,Draw,-6.4,R,0.2,4.2,R,L,4.0,L,R
330,138.1,144.2,8.8,1.28,80.0,102.5,7012.0,L,940,20.0,0.1,44.3,76.0,5,Draw,-7.6,L,0.5,5.0,R,L,5.5,L,R
331,122.9,128.2,4.0,1.16,81.9,94.9,7382.0,L,212,17.8,1.1,38.8,55.0,4,Straight,-1.6,L,1.6,3.3,R,L,4.9,L,L
332,71.9,80.0,24.6,1.1,81.0,89.0,4538.0,R,3112,6.8,10.7,11.7,8.0,2,Push Slice,34.4,R,11.4,4.6,R,R,6.8,R,R
333,127.1,132.3,2.4,1.27,75.8,96.6,7420.0,L,582,20.8,1.0,43.4,69.0,5,Draw,-4.5,R,0.6,4.6,R,L,4.1,L,R
335,145.3,152.0,1.2,1.37,77.1,106.0,6686.0,R,627,19.6,2.2,44.7,80.0,5,Fade,5.4,L,2.2,2.1,L,L,0.0,R,L
336,139.8,148.8,9.1,1.35,74.5,100.6,5076.0,R,357,20.7,1.9,42.4,73.0,5,Fade,4.0,R,1.9,2.1,R,L,0.2,R,R
337,142.9,151.2,1.8,1.29,79.9,103.1,5648.0,R,396,21.6,2.6,45.2,82.0,5,Fade,4.0,R,0.2,2.7,L,R,2.9,L,L
338,154.4,162.7,11.4,1.35,81.2,109.8,5791.0,L,302,18.2,2.6,43.4,80.0,5,Straight,-3.0,L,2.6,0.0,R,L,2.7,L,L
339,152.2,159.3,7.3,1.33,82.8,109.7,6564.0,R,478,18.9,0.7,45.0,84.0,5,Fade,4.2,L,1.0,1.0,R,L,2.1,R,R
340,144.3,151.8,6.1,1.27,82.3,104.7,6212.0,L,140,18.8,1.7,43.0,74.0,5,Straight,-1.3,L,0.1,1.3,R,L,1.4,L,L
341,151.3,159.3,1.5,1.34,80.8,108.2,5965.0,R,213,19.5,1.5,44.6,83.0,5,Straight,2.0,R,0.1,0.4,R,L,0.3,L,L
342,157.5,167.5,31.3,1.39,79.6,110.4,4730.0,L,1154,17.7,4.7,41.3,74.0,5,Hook,-13.7,L,6.1,1.4,R,L,7.5,L,L
343,140.8,149.4,0.8,1.32,77.3,101.6,5351.0,R,199,19.9,0.6,42.1,72.0,5,Straight,2.1,L,0.1,0.5,L,R,0.4,R,L
344,98.6,112.2,24.7,1.29,67.8,87.2,1526.0,L,1423,16.4,4.0,23.5,27.0,3,Hook,-43.0,L,0.4,3.3,R,L,3.7,L,L
345,63.4,77.3,18.3,1.08,80.5,86.9,786.0,R,88,8.5,13.2,9.7,7.0,1,Push Fade,6.4,R,14.6,0.9,R,R,13.6,R,R
346,136.8,144.0,9.3,1.3,77.6,100.7,6149.0,R,1125,21.5,0.9,44.6,77.0,5,Slice,10.4,R,0.9,3.1,L,R,4.0,R,L
347,154.0,162.8,14.3,1.36,79.9,108.9,5486.0,L,228,21.0,4.0,45.8,90.0,5,Straight,-2.4,L,3.6,0.4,L,L,3.2,L,L
348,140.1,148.1,1.5,1.3,78.3,101.9,5750.0,R,791,21.8,3.0,45.0,80.0,5,Fade,7.8,R,0.3,2.2,L,R,2.5,R,L
349,145.7,153.0,1.2,1.33,79.4,105.7,6333.0,R,620,21.2,2.3,46.2,86.0,5,Fade,5.6,L,2.3,1.6,L,L,0.8,R,L
350,142.1,149.3,5.3,1.33,78.0,103.8,6280.0,R,870,21.5,1.7,45.8,83.0,5,Fade,7.9,L,1.6,2.6,L,R,1.0,R,L
353,154.8,162.1,3.5,1.33,84.4,111.9,6446.0,R,175,14.4,0.5,40.0,67.0,5,Straight,1.6,R,0.5,0.7,R,L,0.2,R,R
357,159.2,166.6,9.9,1.38,83.0,114.3,6546.0,R,488,14.8,1.4,41.4,72.0,5,Fade,4.3,R,1.3,2.0,R,L,0.7,R,R
359,107.5,116.2,15.7,1.13,81.7,92.7,4511.0,L,1280,11.3,2.9,23.3,25.0,3,Hook,-15.8,L,3.4,1.3,R,L,4.7,L,L
360,149.0,156.6,6.7,1.45,74.5,108.1,6193.0,R,111,15.7,2.0,40.0,66.0,5,Straight,1.0,R,2.1,1.6,R,R,0.5,R,R
361,152.2,160.9,2.9,1.37,79.8,109.2,5417.0,L,242,14.5,0.2,37.7,61.0,5,Straight,-2.6,R,0.2,0.1,L,R,0.3,L,R
362,107.3,117.7,5.1,1.19,76.7,91.3,3445.0,L,21,11.7,2.5,21.9,24.0,3,Straight,-0.3,L,2.7,0.2,L,L,2.5,L,L
365,135.5,141.7,17.3,1.33,76.1,101.0,6874.0,L,493,24.6,5.2,48.6,91.0,5,Draw,-4.1,L,6.9,1.6,L,L,5.2,L,L
366,142.1,147.7,14.9,1.34,78.9,105.4,7310.0,L,545,24.0,3.8,49.5,98.0,6,Draw,-4.3,L,3.6,0.4,R,L,4.0,L,L
367,167.3,175.6,0.6,1.47,80.2,117.7,6040.0,L,207,15.3,0.8,42.6,80.0,5,Straight,-2.0,R,0.7,2.0,R,L,1.4,L,R
371,134.9,145.8,31.5,1.35,71.2,95.8,3780.0,L,864,25.5,7.5,44.9,81.0,5,Pull Hook,-12.9,L,8.5,2.6,L,L,5.9,L,L
372,161.6,169.4,10.0,1.42,81.1,115.3,6325.0,R,441,15.3,1.5,42.1,76.0,5,Fade,4.0,R,1.4,2.3,R,L,0.9,R,R
374,163.2,170.9,5.1,1.39,83.5,116.1,6352.0,L,21,15.7,1.8,42.9,79.0,5,Straight,-0.2,R,1.6,3.5,R,L,1.9,R,R
375,159.0,167.5,1.1,1.34,84.6,113.7,5667.0,L,17,13.3,0.4,37.6,62.0,5,Straight,-0.2,L,0.7,2.3,R,L,3.0,L,L
376,140.5,147.3,23.9,1.35,76.6,103.7,6549.0,L,1368,20.8,3.9,44.9,79.0,5,Hook,-11.8,L,7.2,3.5,R,L,10.7,L,L
377,119.4,123.6,11.5,1.21,76.8,92.6,7943.0,R,1439,24.7,0.9,46.9,76.0,5,Slice,10.3,R,0.4,0.7,L,R,1.1,R,R
383,151.3,160.7,0.3,1.33,81.1,107.9,5009.0,R,680,15.8,3.6,38.3,64.0,5,Fade,7.7,L,3.4,5.1,L,R,1.7,L,L
386,150.3,157.4,10.2,1.35,81.0,109.5,6572.0,L,659,16.0,1.0,41.0,69.0,5,Draw,-5.7,L,2.2,2.9,R,L,5.1,L,L
387,148.2,154.8,1.1,1.33,81.8,108.6,6947.0,R,283,15.7,0.8,41.0,68.0,5,Straight,2.3,L,1.7,2.4,R,L,4.2,R,L
388,148.5,155.5,4.4,1.34,80.7,108.1,6635.0,L,33,16.8,1.5,42.0,72.0,5,Straight,-0.3,L,3.6,1.9,R,L,5.4,L,L
389,144.9,150.5,8.1,1.31,82.2,107.4,7471.0,R,649,16.8,0.7,42.3,71.0,5,Fade,5.0,R,0.5,2.0,R,L,1.5,R,R
390,144.1,150.4,6.5,1.32,80.1,106.1,7033.0,R,675,17.6,0.2,42.6,72.0,5,Fade,5.5,R,1.0,1.3,R,L,0.3,R,L
391,140.8,146.6,2.0,1.27,82.3,104.5,7328.0,R,139,17.1,0.4,41.6,68.0,5,Straight,1.1,R,0.2,3.4,R,L,3.1,R,R
392,148.0,154.7,4.1,1.35,79.6,107.6,6762.0,L,401,18.2,0.1,43.6,77.0,5,Draw,-3.4,L,0.8,3.7,R,L,4.5,L,R
393,135.3,142.0,7.0,1.35,74.8,101.1,6566.0,L,276,17.1,1.9,39.6,61.0,5,Straight,-2.4,L,0.5,1.6,R,L,2.1,L,L
394,139.6,145.4,6.8,1.3,79.4,103.5,7311.0,R,375,19.1,1.4,43.7,74.0,5,Straight,2.9,R,1.6,2.5,R,L,0.8,R,R
395,143.8,150.1,5.5,1.31,80.9,105.8,7058.0,R,129,17.3,1.7,42.3,71.0,5,Straight,1.0,R,1.7,3.0,R,L,1.3,R,R
396,143.3,148.9,10.5,1.32,80.3,105.9,7457.0,R,746,19.2,1.3,44.9,79.0,5,Fade,5.7,R,2.9,1.3,R,R,1.6,R,R
397,70.0,77.9,7.0,1.31,59.7,78.1,4244.0,R,621,9.7,7.0,15.4,11.0,2,Fade,8.3,L,5.3,2.8,L,L,2.5,L,L
398,55.2,68.6,21.8,1.16,62.3,72.6,153.0,L,1842,16.3,10.9,19.1,12.0,1,Pull Hook,-85.2,L,11.6,3.9,L,L,7.8,L,L
399,123.9,132.4,7.8,1.18,80.2,94.5,5040.0,L,251,16.5,2.4,34.2,47.0,4,Straight,-2.9,L,3.1,1.7,R,L,4.8,L,L
400,121.3,128.1,0.1,1.18,80.4,94.7,6157.0,R,148,15.1,0.5,33.5,44.0,4,Straight,1.4,L,2.6,1.9,R,L,4.4,R,L
401,142.1,148.5,2.6,1.31,79.6,104.6,6855.0,L,131,18.0,1.5,42.5,71.0,5,Straight,-1.1,R,0.4,3.6,R,L,3.2,R,R
402,148.0,154.6,13.5,1.36,79.9,108.6,6829.0,L,487,15.1,3.2,40.0,65.0,5,Draw,-4.1,L,4.2,1.9,R,L,6.1,L,L
403,139.4,146.1,7.7,1.33,77.8,103.3,6598.0,L,368,16.9,1.6,40.1,64.0,5,Draw,-3.2,L,1.7,3.5,R,L,5.2,L,L
404,152.3,158.7,11.1,1.36,81.8,111.1,7055.0,L,482,15.8,2.1,42.1,73.0,5,Draw,-3.9,L,2.0,2.2,R,L,4.2,L,L
405,145.3,151.5,2.2,1.35,79.5,107.1,7143.0,R,335,16.3,2.2,41.3,68.0,5,Straight,2.7,L,2.1,0.1,L,L,2.1,L,L
406,113.7,121.2,9.7,1.25,81.1,101.5,5553.0,R,1126,6.9,0.9,18.9,19.0,3,Slice,11.5,R,4.1,3.6,R,R,0.6,R,R
407,142.4,149.5,0.8,1.32,79.1,104.3,6381.0,L,29,17.4,0.3,41.1,68.0,5,Straight,-0.3,L,0.3,2.3,R,L,2.6,L,L
408,149.2,155.3,3.7,1.34,81.3,109.1,7243.0,R,19,18.5,1.4,45.0,82.0,5,Straight,0.2,R,2.7,3.8,R,L,1.1,R,R
409,149.0,155.2,1.4,1.34,81.2,109.0,7196.0,L,131,17.5,0.1,43.6,77.0,5,Straight,-1.0,R,0.6,2.9,R,L,2.4,L,R
410,136.7,142.6,0.4,1.3,79.5,103.5,7216.0,L,17,14.5,0.2,37.3,55.0,4,Straight,-0.1,R,1.4,2.4,R,L,1.1,L,L
411,147.7,155.0,3.6,1.34,79.7,106.7,6372.0,R,222,19.3,0.5,44.4,80.0,5,Straight,2.0,R,1.3,1.9,R,L,0.5,R,R
412,134.8,140.6,4.7,1.32,77.0,101.2,7214.0,R,402,17.3,0.6,40.6,63.0,5,Fade,3.2,R,1.4,2.0,R,L,0.6,R,R
413,134.3,140.2,0.1,1.31,77.1,101.2,7155.0,R,102,16.1,0.4,38.9,58.0,4,Straight,0.8,L,0.3,1.3,R,L,1.7,R,L
414,143.8,150.9,19.3,1.31,81.1,106.4,6371.0,L,767,14.5,4.4,37.7,58.0,5,Draw,-6.9,L,3.4,2.6,R,L,6.0,L,L
415,131.2,137.0,13.8,1.25,78.9,98.7,7091.0,R,930,19.1,2.5,41.9,65.0,5,Fade,7.5,R,2.8,0.4,R,R,2.3,R,R
416,136.9,144.8,16.2,1.31,77.8,102.0,5716.0,L,925,15.9,2.6,37.2,56.0,4,Hook,-9.2,L,3.7,3.3,R,L,7.0,L,L
417,120.9,127.9,0.1,1.36,68.6,93.2,6029.0,R,11,17.3,0.1,36.4,49.0,4,Straight,0.1,R,1.8,3.7,R,L,1.8,R,L
418,111.8,119.1,2.6,1.2,74.1,89.2,5641.0,L,38,16.7,1.2,33.0,41.0,4,Straight,-0.4,R,0.4,1.3,R,L,0.9,L,L
419,137.0,142.9,5.0,1.28,80.0,102.4,7186.0,R,280,17.3,1.1,41.0,65.0,5,Straight,2.2,R,1.4,3.3,R,L,2.0,R,R
420,100.4,106.9,16.1,1.2,73.6,88.6,6104.0,L,1318,11.9,4.9,24.7,25.0,3,Hook,-12.2,L,7.2,0.8,R,L,8.1,L,L
421,141.8,148.0,3.1,1.32,79.3,104.9,7073.0,L,24,16.9,1.2,41.4,67.0,5,Straight,-0.2,L,1.2,0.9,R,L,2.1,L,L
422,129.9,136.2,0.5,1.28,77.3,99.0,6718.0,R,318,15.4,1.0,36.6,52.0,4,Straight,2.7,R,0.6,1.5,R,L,0.9,R,L
423,132.6,139.0,7.0,1.33,75.2,99.8,6737.0,R,622,17.0,0.7,39.1,59.0,4,Fade,5.3,R,0.2,1.0,R,L,0.7,R,R
424,140.4,145.9,3.2,1.29,80.9,104.4,7517.0,R,238,17.8,0.4,42.7,71.0,5,Straight,1.8,R,2.4,1.4,R,R,1.0,R,R
425,148.6,155.7,1.9,1.34,80.3,107.9,6527.0,L,5,17.2,0.7,42.2,73.0,5,Straight,0.0,R,0.3,1.6,R,L,1.3,L,L
426,142.1,147.8,7.2,1.3,80.8,105.2,7406.0,R,571,18.0,0.7,43.2,73.0,5,Fade,4.4,R,2.8,1.3,R,R,1.5,R,R
427,137.4,143.0,0.9,1.28,80.7,103.4,7416.0,R,218,15.4,0.4,38.9,59.0,5,Straight,1.7,R,0.1,3.4,R,L,3.3,R,L
428,138.0,143.4,0.3,1.3,79.6,103.2,7527.0,R,256,17.3,1.1,41.5,66.0,5,Straight,1.9,L,1.3,0.0,L,L,1.2,L,L
429,141.3,148.1,9.6,1.31,79.6,104.4,6639.0,L,440,16.4,2.0,40.0,63.0,5,Draw,-3.8,L,2.1,1.7,R,L,3.8,L,L
430,140.0,146.1,0.2,1.31,79.4,103.7,7075.0,R,115,17.7,0.6,41.9,68.0,5,Straight,0.9,L,0.9,0.4,R,L,1.4,L,L
431,142.2,149.0,15.1,1.34,78.4,105.4,6582.0,L,778,15.0,2.9,38.5,59.0,5,Draw,-6.7,L,4.1,2.3,R,L,6.4,L,L
432,141.2,147.9,0.3,1.32,78.5,103.5,6649.0,R,173,19.4,0.8,43.7,75.0,5,Straight,1.5,L,0.9,0.9,R,L,1.8,L,L
433,141.2,147.3,3.8,1.29,81.0,104.6,7120.0,R,399,17.1,0.0,41.5,68.0,5,Fade,3.2,R,0.1,3.8,R,L,3.7,R,R
434,137.6,142.8,4.3,1.28,80.6,103.0,7652.0,R,493,17.9,0.1,42.4,69.0,5,Fade,3.7,R,1.7,1.9,R,L,0.3,R,R
435,140.3,145.9,2.4,1.29,81.1,104.7,7410.0,R,430,15.8,0.7,40.2,63.0,5,Fade,3.3,L,1.5,2.5,R,L,4.1,R,L
436,136.5,140.9,7.4,1.28,80.2,102.8,8246.0,R,617,18.8,1.1,43.8,73.0,5,Fade,4.3,R,1.2,1.5,R,L,0.3,R,R
437,146.5,152.6,3.2,1.33,80.6,107.2,7159.0,R,132,18.3,0.7,44.1,78.0,5,Straight,1.1,R,1.1,1.8,R,L,0.7,R,R
438,141.1,146.7,3.8,1.3,81.3,105.5,7470.0,R,194,15.5,0.9,39.8,62.0,5,Straight,1.5,R,1.2,3.9,R,L,2.7,R,R
439,145.1,151.1,17.2,1.31,81.6,106.7,7250.0,R,748,18.8,3.7,44.4,79.0,5,Fade,5.9,R,4.1,3.7,R,R,0.4,R,R
440,141.4,148.1,4.4,1.27,81.6,103.9,6636.0,R,279,18.3,0.7,42.4,71.0,5,Straight,2.4,L,0.2,1.7,R,L,1.9,R,R
441,134.8,140.6,6.0,1.28,79.6,102.1,7229.0,R,73,14.8,2.7,37.5,54.0,4,Straight,0.6,L,3.3,1.5,R,L,4.8,L,L
442,135.3,141.1,11.7,1.25,81.0,101.4,7148.0,R,945,17.6,1.5,41.0,64.0,5,Fade,7.5,R,3.2,2.9,R,R,0.4,R,R
443,143.5,150.0,0.7,1.29,81.5,105.3,6843.0,R,22,18.2,0.3,42.8,73.0,5,Straight,0.2,R,1.2,2.3,R,L,1.1,R,R
444,149.0,155.5,12.2,1.37,79.6,109.3,6948.0,L,439,15.4,2.9,40.7,68.0,5,Draw,-3.6,L,5.9,1.8,R,L,7.7,L,L
445,142.2,148.9,5.6,1.28,81.6,104.6,6669.0,L,222,17.6,1.4,41.6,69.0,5,Straight,-1.9,L,1.6,0.6,R,L,2.2,L,L
446,145.6,151.9,10.3,1.33,80.6,106.9,7053.0,R,854,18.5,0.7,44.0,77.0,5,Fade,6.9,R,3.1,1.3,R,R,1.8,R,R
447,136.2,142.9,3.2,1.26,80.3,101.2,6611.0,L,20,17.3,1.2,40.2,62.0,5,Straight,-0.2,L,2.1,1.4,R,L,3.4,L,L
448,129.7,134.9,10.4,1.25,79.6,99.5,7570.0,R,1181,16.1,0.7,38.5,55.0,4,Fade,8.9,R,2.0,1.4,R,R,0.6,R,R
449,122.7,129.5,10.6,1.17,80.6,94.1,6201.0,R,967,18.3,1.2,38.0,54.0,4,Fade,8.9,R,3.1,0.8,R,R,2.3,R,R
450,131.0,137.5,4.2,1.24,79.9,99.0,6673.0,R,9,16.8,1.8,38.4,57.0,4,Straight,0.1,L,3.3,0.3,R,L,3.6,L,L
451,142.3,148.4,10.8,1.29,80.9,104.7,7102.0,R,624,19.1,1.8,44.2,76.0,5,Fade,5.0,R,2.4,2.3,R,R,0.1,R,R
452,119.0,126.6,6.9,1.12,81.7,91.4,5536.0,R,711,18.8,0.4,37.1,51.0,4,Fade,7.3,L,0.7,1.6,R,L,2.3,R,R
453,131.5,137.7,10.0,1.21,81.2,98.5,6831.0,R,897,20.1,0.9,42.9,69.0,5,Fade,7.5,R,2.9,0.7,R,R,2.2,R,R
454,133.2,137.7,14.6,1.25,81.2,101.4,8171.0,R,1319,17.4,2.0,41.5,64.0,5,Slice,9.2,R,3.1,2.0,R,R,1.1,R,R
455,148.8,155.6,12.1,1.33,81.0,108.1,6730.0,L,334,17.5,3.2,43.0,74.0,5,Straight,-2.8,L,4.2,0.6,R,L,4.8,L,L
456,142.2,147.8,4.5,1.3,81.0,105.5,7465.0,R,372,17.0,0.4,42.0,69.0,5,Straight,2.9,R,1.6,2.5,R,L,0.9,R,R
457,142.8,150.3,7.6,1.29,80.7,104.2,6107.0,L,216,17.0,2.0,40.1,65.0,5,Straight,-2.0,L,3.2,0.8,R,L,4.0,L,L
458,139.8,146.8,9.7,1.27,80.8,102.7,6344.0,R,688,20.1,1.0,43.7,75.0,5,Fade,6.2,R,2.2,1.0,R,R,1.2,R,R
459,143.7,151.4,1.6,1.29,80.8,104.3,6021.0,R,28,18.5,0.5,42.1,72.0,5,Straight,0.3,L,0.6,1.2,R,L,1.9,R,R
460,146.6,153.0,2.4,1.33,80.6,107.4,7002.0,R,288,17.0,0.3,42.3,72.0,5,Straight,2.4,L,1.4,1.3,R,L,2.7,R,L
461,137.1,143.4,13.1,1.26,81.1,102.6,6859.0,R,938,16.6,1.9,39.8,62.0,5,Fade,7.8,L,1.3,0.2,R,L,1.5,R,R
462,161.5,169.6,9.4,1.39,83.1,115.2,6040.0,L,828,14.9,0.6,41.0,72.0,5,Draw,-7.8,R,0.2,4.6,R,L,4.4,L,R
463,160.9,168.9,1.4,1.4,81.7,114.1,6127.0,L,273,17.7,0.8,44.4,85.0,5,Straight,-2.6,R,0.5,4.0,R,L,3.5,L,R
464,169.1,178.0,4.2,1.48,79.6,117.7,5697.0,L,615,18.9,1.9,46.3,97.0,6,Draw,-6.2,R,1.6,4.4,R,L,2.8,L,R
466,150.6,159.1,20.1,1.35,81.9,110.1,5494.0,L,1164,13.3,2.1,35.7,55.0,5,Hook,-12.0,L,2.5,1.9,R,L,4.4,L,L
467,157.1,165.2,14.5,1.37,82.7,113.1,5972.0,L,1031,14.9,0.5,40.0,68.0,5,Hook,-9.8,L,0.8,2.7,R,L,3.5,L,L
468,159.0,167.4,9.1,1.42,80.4,114.1,5671.0,L,711,13.3,0.2,37.7,62.0,5,Draw,-7.1,L,0.3,4.5,R,L,4.8,L,R
469,151.3,159.8,5.2,1.37,80.2,109.8,5516.0,L,362,13.3,0.2,35.7,56.0,5,Draw,-3.8,L,0.4,1.2,R,L,1.6,L,L
471,154.7,162.8,0.8,1.41,78.4,110.1,5964.0,L,238,17.9,0.9,43.3,79.0,5,Straight,-2.3,R,0.7,2.9,R,L,2.3,L,R
472,155.9,163.6,3.3,1.41,79.5,112.1,6233.0,L,509,15.9,1.1,41.6,73.0,5,Draw,-4.7,R,0.9,2.8,R,L,1.9,L,R
475,155.6,163.5,3.2,1.37,81.2,111.3,6139.0,L,360,16.5,0.5,42.2,75.0,5,Draw,-3.4,R,0.4,2.3,R,L,1.9,L,R
476,149.3,156.8,2.3,1.33,82.5,109.9,6157.0,R,85,12.5,1.3,35.5,54.0,5,Straight,0.8,L,1.3,1.2,L,L,0.1,L,L
477,134.8,141.4,15.1,1.29,80.7,103.7,6599.0,R,1056,12.6,2.4,33.5,46.0,4,Slice,9.1,R,2.5,0.9,R,R,1.7,R,R
478,153.4,160.7,6.7,1.34,83.2,111.7,6460.0,R,456,13.9,0.6,38.9,64.0,5,Fade,4.0,R,0.7,0.5,L,R,1.2,R,R
479,151.2,158.0,8.5,1.35,82.0,110.6,6749.0,R,369,14.3,1.7,39.5,64.0,5,Fade,3.1,R,1.8,0.6,R,R,1.1,R,R
480,141.3,148.9,1.6,1.31,82.3,107.7,5951.0,R,319,10.6,2.0,30.8,42.0,4,Fade,3.1,L,2.1,0.3,L,L,1.9,L,L
481,132.0,139.9,2.7,1.27,82.5,104.6,5617.0,R,411,9.6,0.6,26.6,33.0,4,Fade,4.2,L,0.8,1.1,R,L,1.8,R,L
482,156.7,164.8,12.9,1.36,82.5,112.4,5922.0,R,572,14.4,2.0,39.3,66.0,5,Fade,5.5,R,2.1,1.2,R,R,0.9,R,R
483,159.9,168.0,3.5,1.39,83.3,115.4,5951.0,L,240,12.2,0.2,36.7,60.0,5,Straight,-2.3,L,0.3,0.5,R,L,0.7,L,L
484,147.1,156.3,5.0,1.34,79.5,106.7,4945.0,L,296,13.7,0.4,34.5,53.0,4,Draw,-3.4,L,0.6,1.4,R,L,2.0,L,L
485,146.2,153.6,14.8,1.42,75.8,107.2,6243.0,R,688,15.2,2.7,38.8,62.0,5,Fade,6.3,R,2.9,1.0,R,R,2.0,R,R
486,140.6,145.7,6.5,1.3,80.8,105.2,7682.0,R,864,23.7,0.6,49.5,97.0,5,Fade,6.4,L,1.1,1.2,L,R,0.1,R,L
487,129.0,133.4,14.5,1.28,77.9,99.4,7833.0,R,1483,27.0,1.3,50.9,97.0,5,Slice,10.7,R,2.7,3.2,L,R,5.9,R,R
488,121.6,128.3,23.0,1.31,70.8,92.7,6102.0,R,1614,26.8,4.3,47.7,81.0,5,Slice,14.8,R,4.8,0.2,L,R,5.0,R,R
489,136.1,142.5,1.5,1.28,78.9,101.3,6670.0,R,249,25.7,0.5,49.6,96.0,5,Straight,2.1,L,1.8,0.4,L,L,1.3,R,L
490,128.4,134.0,2.1,1.22,79.8,97.5,7110.0,R,358,26.2,0.5,49.2,91.0,5,Straight,2.9,R,0.8,0.6,R,R,0.2,R,L
491,0.8,4.2,0.4,1.04,80.7,83.6,11872.0,R,779,-1.1,5.2,0.9,0.0,0,Fade,3.8,R,5.5,2.5,R,R,3.0,R,R
492,135.7,147.6,38.6,1.35,71.6,96.8,3237.0,L,1443,23.6,6.4,41.7,71.0,5,Hook,-24.0,L,9.3,0.8,R,L,10.2,L,L
493,122.6,125.6,13.7,1.23,77.7,95.6,8874.0,R,1676,24.6,1.5,48.1,81.0,5,Slice,10.7,R,2.3,0.1,L,R,2.4,R,R
494,125.0,128.1,15.8,1.24,77.9,97.0,8914.0,R,1664,23.5,2.3,47.4,80.0,5,Slice,10.6,R,2.5,0.4,R,R,2.1,R,R
495,141.5,147.6,2.5,1.32,79.7,104.8,6945.0,R,38,25.2,1.2,50.2,102.0,6,Straight,0.3,L,2.2,1.0,R,L,3.1,L,L
496,132.6,137.6,21.0,1.28,79.0,100.9,7525.0,R,1107,26.4,4.8,50.5,98.0,5,Fade,8.4,R,7.1,2.4,R,R,4.6,R,R
497,137.6,142.6,4.0,1.31,79.1,103.6,7574.0,R,351,25.7,0.4,50.8,102.0,6,Straight,2.7,L,0.2,0.4,R,L,0.5,R,R
498,127.9,131.1,13.1,1.24,79.5,98.6,8831.0,R,1298,23.9,1.9,48.5,85.0,5,Fade,8.4,R,2.1,0.8,R,R,1.3,R,R
499,133.0,137.4,4.6,1.25,80.8,100.9,8077.0,R,625,24.4,0.3,49.1,92.0,5,Fade,4.4,L,2.9,0.7,R,L,3.6,R,L
500,141.5,147.1,1.6,1.29,81.7,105.3,7451.0,R,290,16.5,0.4,41.3,66.0,5,Straight,2.2,L,1.8,1.2,R,L,3.0,R,L
501,147.7,154.4,8.1,1.33,81.0,107.8,6863.0,L,127,17.7,2.5,43.2,75.0,5,Straight,-1.1,L,4.5,0.1,L,L,4.5,L,L
502,143.3,148.7,1.6,1.32,80.8,106.3,7637.0,R,339,16.7,0.7,42.1,69.0,5,Straight,2.5,L,0.3,1.4,R,L,1.7,R,L
503,148.1,154.3,8.6,1.34,81.2,108.6,7092.0,L,201,16.4,2.4,42.1,71.0,5,Straight,-1.6,L,4.3,1.8,R,L,6.1,L,L
504,146.4,152.5,4.1,1.31,82.0,107.4,7181.0,L,67,17.6,1.4,43.2,74.0,5,Straight,-0.5,L,3.2,0.1,L,L,3.1,L,L
505,146.3,152.4,7.9,1.32,81.4,107.3,7165.0,R,374,20.1,1.6,46.0,85.0,5,Straight,3.0,R,0.5,2.1,R,L,1.6,R,R
506,148.9,154.9,7.4,1.37,79.3,109.0,7345.0,R,529,18.5,0.7,45.0,82.0,5,Fade,4.1,L,1.2,1.1,R,L,2.2,R,R
507,145.3,152.0,6.5,1.32,80.5,106.6,6739.0,L,164,16.4,1.8,40.8,67.0,5,Straight,-1.4,L,1.1,1.2,R,L,2.3,L,L
508,129.8,135.9,0.9,1.26,78.4,99.0,6888.0,R,350,15.6,1.7,36.9,52.0,4,Straight,2.9,L,2.0,1.7,R,L,3.7,L,L
509,142.5,148.7,5.8,1.34,78.7,105.5,7069.0,R,21,16.0,2.3,40.5,64.0,5,Straight,0.2,L,1.1,0.4,R,L,1.5,L,L
510,145.2,151.4,7.2,1.33,80.4,106.6,7044.0,R,714,17.8,0.0,43.1,73.0,5,Fade,5.8,L,0.6,0.7,R,L,1.3,R,L
511,119.4,125.6,3.2,1.14,83.4,95.2,6652.0,R,910,13.9,1.6,32.1,40.0,4,Fade,7.8,L,1.7,0.6,L,L,1.2,R,L
512,148.3,153.9,5.5,1.34,81.2,109.1,7593.0,R,444,18.1,0.5,44.6,80.0,5,Fade,3.3,L,0.7,0.4,R,L,1.1,R,R
513,147.4,154.5,5.7,1.31,81.7,107.0,6480.0,R,508,18.3,0.1,43.3,76.0,5,Fade,4.5,L,1.2,1.2,R,L,2.4,R,R
514,140.9,146.5,11.5,1.29,80.7,104.4,7373.0,R,710,19.9,1.9,45.0,79.0,5,Fade,5.5,R,3.6,1.8,R,R,1.8,R,R
515,144.3,150.1,9.3,1.33,80.0,106.3,7369.0,R,496,18.7,1.8,44.5,78.0,5,Fade,3.9,R,1.5,3.4,R,L,2.0,R,R
516,136.4,141.7,3.4,1.3,78.6,102.1,7549.0,R,391,18.0,0.1,42.2,68.0,5,Straight,3.0,R,0.1,0.5,R,L,0.5,R,L
517,122.1,127.4,17.6,1.28,73.3,93.9,7260.0,R,1268,20.5,3.8,42.1,63.0,4,Slice,9.9,R,6.1,1.5,R,R,4.6,R,R
518,119.7,125.7,11.8,1.3,70.9,91.8,6701.0,R,547,21.1,3.5,41.5,61.0,4,Fade,4.7,R,4.8,2.3,R,R,2.5,R,R
519,135.8,141.7,3.1,1.28,80.2,102.5,7166.0,R,526,15.4,0.6,38.2,57.0,4,Fade,4.2,L,1.3,1.4,R,L,2.7,R,L
520,147.6,154.6,4.4,1.34,80.4,107.8,6596.0,L,182,16.3,0.9,41.1,69.0,5,Straight,-1.6,L,2.2,1.2,R,L,3.4,L,L
521,140.5,147.1,0.4,1.29,80.7,104.0,6691.0,R,175,16.3,0.5,39.9,63.0,5,Straight,1.5,L,1.7,2.2,R,L,3.9,R,L
522,140.1,146.2,5.2,1.3,80.3,104.1,7056.0,R,576,16.5,0.2,40.6,64.0,5,Fade,4.7,L,1.7,1.3,R,L,2.9,R,L
523,143.2,150.8,2.7,1.25,82.8,103.8,6108.0,L,121,19.9,0.6,43.8,77.0,5,Straight,-1.1,R,47.6,1.8,R,R,45.8,L,L
524,121.1,126.3,11.5,1.22,77.7,94.7,7355.0,R,1264,16.5,1.4,37.0,49.0,4,Slice,9.8,R,4.1,2.3,R,R,1.8,R,R
525,140.7,147.3,0.6,1.33,77.7,103.4,6725.0,R,172,18.4,1.0,42.5,71.0,5,Straight,1.5,L,1.8,0.2,R,L,2.1,L,L
526,133.6,139.8,2.9,1.28,78.8,100.8,6899.0,R,503,15.9,3.0,38.3,56.0,4,Fade,4.2,L,2.7,0.4,L,L,2.3,L,L
527,142.0,151.3,25.6,1.27,79.7,101.4,4958.0,L,710,23.0,6.3,45.3,83.0,5,Draw,-8.1,L,7.3,1.2,L,L,6.1,L,L
528,146.5,153.2,8.3,1.34,80.1,107.7,6645.0,R,757,25.2,0.1,50.8,107.0,6,Fade,6.5,R,3.0,0.3,L,R,3.3,R,L
529,146.8,153.3,2.7,1.39,77.7,107.7,6850.0,R,535,23.7,1.3,49.6,101.0,6,Fade,4.5,L,1.3,0.7,L,L,0.6,R,L
530,150.3,157.1,1.5,1.4,78.4,109.7,6694.0,R,334,23.9,2.0,50.0,106.0,6,Straight,2.9,L,2.3,0.4,R,L,2.7,L,L
531,137.8,145.3,4.9,1.33,75.7,101.1,6052.0,R,489,19.7,0.2,42.6,71.0,5,Fade,4.6,R,0.5,0.2,L,R,0.7,R,L
532,152.8,158.9,0.2,1.33,83.2,111.0,7261.0,L,171,18.9,0.6,46.0,87.0,5,Straight,-1.4,R,0.2,3.2,R,L,3.0,L,R
533,148.7,155.2,0.1,1.31,83.0,108.4,6950.0,L,409,17.6,1.7,43.4,76.0,5,Draw,-3.4,R,1.1,5.5,R,L,4.5,L,R
534,151.2,158.6,19.8,1.35,81.5,110.0,6285.0,L,967,15.5,3.1,40.2,67.0,5,Draw,-8.7,L,4.0,2.8,R,L,6.9,L,L
535,140.7,145.6,0.3,1.27,83.0,105.7,8031.0,R,204,15.1,0.8,40.2,62.0,5,Straight,1.5,L,0.3,2.7,R,L,3.0,L,L
536,148.7,155.7,8.2,1.32,82.0,108.0,6627.0,L,515,18.1,1.0,43.4,77.0,5,Draw,-4.4,L,1.6,2.3,R,L,3.9,L,L
537,151.4,157.9,1.8,1.34,81.9,110.0,7004.0,L,366,17.8,0.9,44.3,80.0,5,Straight,-3.0,R,0.5,3.8,R,L,3.3,L,R
538,122.9,130.4,3.9,1.21,77.2,93.6,5698.0,L,154,18.0,1.1,37.0,52.0,4,Straight,-1.5,L,0.2,1.9,R,L,2.0,L,L
539,130.2,137.2,1.6,1.36,72.6,98.5,6164.0,L,150,16.1,0.1,36.5,53.0,4,Straight,-1.4,L,0.7,2.1,R,L,2.8,L,L
540,98.4,104.2,15.2,1.29,63.6,81.9,6426.0,R,1415,19.0,4.4,34.4,39.0,3,Slice,12.4,R,8.9,1.7,R,R,7.1,R,R
541,150.9,157.3,1.5,1.33,82.7,109.7,7031.0,L,361,19.0,1.0,45.5,85.0,5,Straight,-2.9,L,0.3,4.6,R,L,4.9,L,R
542,156.1,163.2,3.7,1.34,83.5,112.2,6690.0,L,255,18.5,2.5,45.4,86.0,5,Straight,-2.2,R,1.4,5.2,R,L,3.9,R,R
543,143.9,150.5,0.1,1.28,82.5,105.2,6781.0,L,213,18.9,0.9,43.8,76.0,5,Straight,-1.8,L,2.1,3.9,R,L,6.0,R,R
544,154.8,161.4,3.3,1.34,83.8,111.9,6983.0,L,260,18.0,0.2,44.9,84.0,5,Straight,-2.1,L,1.6,4.0,R,L,5.6,L,L
545,137.2,147.9,3.1,1.35,76.1,103.0,3890.0,R,450,12.4,3.7,28.3,39.0,4,Fade,6.6,L,4.3,1.7,R,L,6.0,L,L
546,144.0,154.3,18.6,1.37,74.4,101.8,4396.0,L,761,22.4,2.9,44.0,81.0,5,Hook,-9.8,L,3.3,1.3,R,L,4.6,L,L
547,155.1,161.7,1.2,1.35,82.9,112.3,7032.0,L,542,19.5,1.8,46.8,92.0,6,Draw,-4.4,R,0.0,4.7,R,L,4.7,L,R
548,151.8,158.8,1.0,1.31,83.7,109.7,6696.0,L,80,19.6,0.8,45.8,87.0,5,Straight,-0.7,L,0.7,3.3,R,L,4.0,R,R
549,154.2,161.2,7.9,1.36,81.8,111.4,6703.0,L,477,17.9,0.9,44.4,82.0,5,Draw,-4.1,L,2.4,3.6,R,L,6.0,L,L
550,151.2,158.3,7.8,1.34,81.3,109.3,6608.0,L,551,18.6,0.5,44.7,82.0,5,Draw,-4.8,L,3.4,3.7,R,L,7.1,L,L
551,154.3,161.3,0.5,1.34,82.8,111.0,6659.0,L,276,19.7,1.0,46.3,90.0,5,Straight,-2.4,R,0.3,4.0,R,L,3.7,L,R
552,145.5,152.5,2.8,1.31,81.0,106.3,6613.0,L,482,18.2,0.9,42.9,74.0,5,Draw,-4.2,L,0.3,3.8,R,L,4.0,L,R
553,154.4,161.2,4.9,1.35,82.9,112.0,6862.0,L,845,16.6,1.8,43.2,77.0,5,Draw,-7.0,L,0.3,6.8,R,L,7.1,L,R
554,155.2,163.0,14.0,1.4,79.0,110.9,6217.0,L,160,20.3,4.3,46.5,92.0,5,Straight,-1.5,L,3.2,2.3,L,L,1.0,L,L
555,135.9,141.0,10.1,1.32,77.2,102.2,7691.0,L,1142,19.2,0.3,43.8,72.0,5,Draw,-8.4,L,0.8,4.1,R,L,4.9,L,L
556,131.4,136.0,0.4,1.22,81.5,99.7,7998.0,R,55,18.4,0.0,42.1,65.0,5,Straight,0.4,L,0.6,5.4,R,L,6.0,R,R
557,140.9,147.1,10.5,1.34,77.7,104.0,6962.0,L,833,19.2,1.0,43.9,75.0,5,Draw,-6.8,L,1.4,3.4,R,L,4.8,L,L
558,132.9,138.8,4.3,1.27,78.7,99.9,7069.0,L,774,18.4,1.1,41.4,65.0,5,Draw,-6.2,R,0.4,6.9,R,L,6.5,L,R
559,130.4,135.3,5.3,1.28,77.5,99.0,7732.0,L,587,18.2,0.4,41.3,63.0,5,Draw,-4.3,L,0.8,3.6,R,L,4.4,L,L
560,124.2,128.9,10.6,1.29,73.6,94.9,7754.0,R,348,21.0,3.7,43.7,67.0,5,Straight,2.6,R,3.5,4.8,R,L,1.2,R,R
561,129.4,134.0,0.6,1.19,82.5,98.4,7997.0,L,104,19.9,0.7,43.5,69.0,5,Straight,-0.7,R,0.5,2.4,R,L,1.9,R,R
562,130.4,136.4,6.8,1.29,75.8,97.9,6838.0,L,759,21.3,0.1,43.9,72.0,5,Draw,-6.3,L,0.7,5.2,R,L,5.9,L,L
563,130.3,135.9,6.3,1.36,72.2,98.0,7187.0,L,836,22.0,0.4,45.2,76.0,5,Draw,-6.6,L,0.1,4.1,R,L,4.2,L,R
564,117.7,123.6,2.3,1.13,82.1,92.8,6759.0,L,170,16.0,0.6,34.9,45.0,4,Straight,-1.4,L,1.2,5.2,R,L,6.4,L,L
565,127.0,132.1,0.5,1.31,73.6,96.6,7483.0,L,608,20.7,1.9,43.5,69.0,5,Draw,-4.6,R,1.5,5.4,R,L,3.9,L,R
566,125.9,133.7,8.7,1.3,72.6,94.1,5565.0,L,622,21.6,1.2,41.9,65.0,5,Draw,-6.4,L,1.7,2.8,R,L,4.5,L,L
567,122.2,128.4,0.6,1.23,75.9,93.1,6591.0,L,211,22.3,0.6,43.3,67.0,5,Straight,-1.8,R,0.3,3.2,R,L,2.9,L,R
568,129.3,134.8,3.8,1.25,77.6,97.4,7282.0,L,433,21.8,0.2,45.0,74.0,5,Draw,-3.4,L,0.3,1.0,R,L,1.3,L,L
569,127.8,133.7,14.1,1.26,76.9,96.5,6937.0,L,918,21.2,2.9,43.6,70.0,5,Draw,-7.5,L,3.6,4.0,R,L,7.6,L,L
570,136.2,142.3,13.8,1.27,79.7,101.3,6940.0,L,947,21.2,2.0,45.2,78.0,5,Draw,-7.8,L,2.8,4.6,R,L,7.3,L,L
571,109.1,115.4,7.8,1.13,78.9,89.4,6380.0,R,74,14.8,4.2,31.0,36.0,4,Straight,0.7,L,4.4,2.2,L,L,2.2,L,L
572,125.6,131.0,0.4,1.32,72.5,95.5,7257.0,R,287,22.4,0.9,44.8,73.0,5,Straight,2.3,L,0.9,0.4,L,L,0.5,R,L
573,126.9,132.3,6.0,1.29,74.6,96.2,7283.0,L,412,21.1,1.2,43.8,69.0,5,Draw,-3.2,L,1.5,1.1,R,L,2.5,L,L
574,116.6,122.3,1.5,1.18,79.0,93.0,6937.0,R,224,15.0,1.5,33.5,42.0,4,Straight,1.9,L,2.0,3.1,R,L,5.0,L,L
575,126.7,132.0,6.1,1.22,78.8,96.1,7358.0,L,692,21.9,0.3,44.6,72.0,5,Draw,-5.4,L,0.7,3.6,R,L,4.3,L,L
576,82.8,91.1,3.0,1.13,79.8,89.9,4338.0,R,980,6.9,1.2,12.9,10.0,2,Slice,12.7,L,1.7,3.5,R,L,5.2,R,L
577,126.9,133.1,13.5,1.25,76.6,96.1,6713.0,L,931,20.0,2.5,41.7,64.0,5,Draw,-7.9,L,3.3,4.2,R,L,7.5,L,L
578,116.4,122.2,5.5,1.16,77.8,90.1,6717.0,L,209,21.5,2.0,41.4,60.0,4,Straight,-1.8,L,2.4,1.4,R,L,3.7,L,L
579,139.7,149.1,6.2,1.3,77.1,100.1,4740.0,R,180,20.1,3.3,41.2,70.0,5,Straight,2.2,L,1.2,1.7,L,R,0.5,L,L
580,93.7,97.7,8.1,1.22,75.9,92.3,8363.0,L,1863,6.7,8.8,17.7,15.0,3,Push Hook,-12.6,L,6.3,4.8,L,L,1.5,R,R
581,121.3,126.5,21.7,1.3,72.5,94.0,7300.0,R,2097,21.1,3.3,42.5,64.0,4,Slice,16.0,R,7.6,2.8,L,R,10.4,R,R
582,128.0,132.7,4.1,1.29,75.6,97.3,7841.0,L,175,21.2,1.2,44.7,72.0,5,Straight,-1.3,L,1.5,0.8,R,L,2.3,L,L
583,126.7,132.2,0.6,1.25,76.9,95.9,7177.0,R,39,22.0,0.5,44.6,72.0,5,Straight,0.3,L,0.7,1.8,R,L,2.6,L,L
584,128.0,133.4,4.9,1.26,77.0,97.2,7324.0,L,151,18.8,1.6,41.2,63.0,5,Straight,-1.2,L,1.9,1.0,R,L,2.9,L,L
585,124.1,129.8,8.0,1.21,78.0,94.6,7041.0,L,800,20.9,0.9,42.8,65.0,5,Draw,-6.5,L,1.3,2.9,R,L,4.2,L,L
586,133.7,140.7,19.5,1.29,76.9,99.4,6284.0,L,1296,20.9,3.0,43.6,72.0,5,Hook,-11.7,L,3.8,3.9,R,L,7.7,L,L
587,121.2,125.3,1.1,1.21,77.5,93.5,8128.0,R,28,22.3,0.5,44.5,70.0,5,Straight,0.2,R,0.3,1.6,R,L,1.3,R,R
588,128.0,133.0,4.5,1.19,81.3,97.0,7586.0,L,194,21.0,1.3,44.2,71.0,5,Straight,-1.5,L,1.8,3.1,R,L,4.9,L,L
589,131.3,137.2,18.3,1.24,79.3,98.8,6968.0,L,1110,20.3,3.7,43.4,70.0,5,Hook,-9.1,L,4.5,2.7,R,L,7.2,L,L
590,125.5,130.9,0.7,1.3,73.3,95.2,7208.0,L,171,24.0,0.3,46.7,78.0,5,Straight,-1.4,R,0.0,3.3,R,L,3.3,L,R
591,131.1,136.1,1.2,1.28,77.6,99.0,7680.0,L,502,21.9,1.2,46.0,78.0,5,Draw,-3.7,R,1.1,3.0,R,L,1.9,L,R
592,137.5,143.1,8.8,1.32,77.8,102.4,7378.0,L,700,21.1,1.1,45.8,80.0,5,Draw,-5.4,L,1.6,3.2,R,L,4.8,L,L
593,137.2,143.7,15.0,1.29,79.1,101.8,6701.0,L,895,21.8,2.5,45.7,81.0,5,Draw,-7.6,L,3.1,3.0,R,L,6.2,L,L
594,134.6,140.4,18.7,1.3,77.6,100.6,7121.0,L,886,21.5,4.4,45.4,78.0,5,Draw,-7.1,L,5.0,0.4,R,L,5.4,L,L
595,127.6,132.8,10.5,1.23,79.2,97.1,7468.0,L,763,20.8,2.0,43.6,69.0,5,Draw,-5.8,L,2.5,1.8,R,L,4.3,L,L
596,133.9,139.6,12.7,1.27,79.0,100.1,7144.0,L,942,21.0,1.9,44.8,76.0,5,Draw,-7.5,L,2.5,3.3,R,L,5.8,L,L
597,119.1,125.2,8.8,1.16,79.9,92.4,6609.0,L,811,18.0,1.3,37.5,51.0,4,Draw,-7.0,L,2.0,5.4,R,L,7.4,L,L
598,112.9,118.1,10.9,1.14,79.2,90.5,7269.0,L,564,16.2,3.6,34.8,43.0,4,Draw,-4.4,L,4.4,3.1,R,L,7.5,L,L
599,116.0,122.4,0.3,1.15,77.9,89.7,6352.0,R,41,20.9,0.4,40.3,57.0,4,Straight,0.4,L,0.5,0.7,R,L,1.2,L,L
600,122.2,128.3,15.1,1.18,79.1,93.3,6679.0,L,960,20.6,3.5,41.4,62.0,4,Draw,-8.2,L,3.9,0.3,R,L,4.2,L,L
601,130.5,135.7,0.1,1.24,79.8,98.6,7505.0,L,108,20.2,0.5,43.5,70.0,5,Straight,-0.8,R,0.2,3.1,R,L,2.9,R,R
602,128.9,133.8,7.1,1.18,83.2,97.9,7679.0,L,820,21.1,0.4,44.5,73.0,5,Draw,-6.1,L,0.6,1.5,R,L,2.1,L,L
603,127.8,133.8,16.8,1.21,80.0,96.7,6901.0,L,969,19.9,3.8,42.1,65.0,5,Draw,-8.0,L,4.5,2.3,R,L,6.8,L,L
604,126.2,131.6,2.6,1.24,77.4,96.1,7270.0,L,222,19.2,0.5,41.2,62.0,4,Straight,-1.7,L,0.2,3.1,L,R,2.9,L,L
605,121.3,126.0,5.0,1.2,78.1,93.8,7785.0,R,233,19.0,3.0,40.6,58.0,4,Straight,1.7,L,3.4,0.2,R,L,3.5,L,L
606,114.3,119.1,3.1,1.09,83.2,90.7,7514.0,R,138,17.3,2.0,36.6,47.0,4,Straight,1.1,L,2.8,5.3,R,L,8.1,L,L
607,135.1,140.1,7.9,1.28,79.1,101.3,7667.0,L,699,21.9,0.9,46.6,82.0,5,Draw,-5.2,L,1.2,1.9,R,L,3.1,L,L
608,123.6,128.1,6.8,1.22,77.9,95.3,7955.0,L,274,18.4,2.3,40.4,59.0,4,Straight,-2.0,L,2.6,0.9,R,L,3.5,L,L
610,125.3,129.7,1.6,1.26,76.5,96.2,8103.0,R,355,18.6,1.8,41.3,61.0,4,Straight,2.5,L,1.9,1.3,L,L,0.6,L,L
611,134.6,139.1,4.4,1.27,79.8,101.4,8128.0,L,34,19.6,1.7,44.4,74.0,5,Straight,-0.2,L,2.0,0.4,R,L,2.4,L,L
612,121.8,126.1,2.2,1.18,80.1,94.5,8101.0,R,333,18.4,0.1,40.3,58.0,4,Straight,2.4,L,0.0,1.3,R,L,1.3,R,R
613,123.1,127.6,5.1,1.25,75.4,94.5,7881.0,R,70,22.2,2.6,44.6,71.0,5,Straight,0.5,L,2.8,0.8,L,L,2.0,L,L
614,135.8,140.6,8.7,1.27,80.0,102.0,7948.0,L,220,19.6,2.9,44.4,74.0,5,Straight,-1.6,L,3.1,1.2,L,L,1.8,L,L
615,125.0,129.1,2.4,1.25,76.8,95.8,8225.0,R,237,20.0,1.9,43.1,66.0,5,Straight,1.6,L,1.8,2.2,L,R,0.3,L,L
616,128.5,133.8,17.1,1.28,76.5,97.8,7425.0,L,1128,18.8,3.7,41.5,63.0,5,Draw,-8.6,L,4.0,1.2,L,L,2.7,L,L
617,126.9,132.2,6.4,1.23,78.4,96.4,7345.0,L,204,18.8,2.1,40.9,61.0,4,Straight,-1.6,L,2.5,0.7,R,L,3.2,L,L
618,127.2,132.3,13.7,1.25,77.2,96.5,7468.0,L,336,20.2,4.9,42.9,67.0,5,Straight,-2.6,L,5.2,1.8,L,L,3.4,L,L
619,132.8,137.8,7.8,1.28,78.0,100.1,7694.0,L,665,19.1,1.1,42.9,68.0,5,Draw,-4.9,L,1.3,1.3,R,L,2.6,L,L
620,121.7,126.8,1.9,1.22,78.5,95.5,7492.0,R,280,15.5,0.0,35.7,47.0,4,Straight,2.1,L,0.5,4.8,R,L,5.3,R,L
621,132.1,137.3,1.9,1.25,79.8,99.4,7527.0,L,178,19.2,0.3,42.8,68.0,5,Straight,-1.4,L,0.7,3.5,R,L,4.2,L,L
622,103.9,109.0,3.8,1.08,77.8,84.0,7071.0,R,237,20.5,1.4,37.9,47.0,4,Straight,1.9,R,1.7,1.6,L,R,3.3,R,R
623,96.9,102.0,0.2,1.1,72.7,80.0,6442.0,R,534,33.8,1.8,50.7,78.0,5,Fade,4.7,L,1.9,1.5,L,L,0.4,L,L
624,94.1,96.3,11.8,1.31,60.2,78.7,8594.0,R,1485,29.4,3.5,47.3,64.0,4,Slice,9.8,R,4.0,1.1,L,R,5.1,R,R
625,96.0,99.5,8.9,1.06,77.2,81.5,7368.0,R,1210,36.2,1.7,53.8,88.0,5,Slice,9.3,R,2.0,1.5,L,R,3.6,R,R
626,73.4,76.4,2.6,1.07,62.1,66.6,7564.0,R,823,26.8,0.3,39.4,39.0,3,Fade,6.2,R,0.5,0.9,L,R,1.4,R,R
627,53.2,57.8,1.5,1.03,52.1,53.8,4810.0,R,12,33.2,1.5,41.5,32.0,3,Straight,0.1,R,2.7,9.2,L,R,11.9,R,R
628,109.3,108.9,6.7,0.99,91.4,90.6,10745.0,R,74,30.4,3.7,52.9,93.0,5,Straight,0.4,L,3.8,2.8,L,L,1.0,L,L
629,98.5,98.0,3.0,0.98,84.9,83.3,10647.0,R,932,31.3,0.4,52.0,80.0,5,Fade,5.0,L,0.2,1.5,L,R,1.2,R,L
630,156.8,165.8,14.0,1.28,86.9,110.9,5396.0,L,192,16.2,3.9,40.6,72.0,5,Straight,-2.0,L,3.9,4.4,L,R,0.5,L,L
631,165.2,171.3,26.4,1.39,86.4,119.8,7404.0,R,1520,18.0,2.7,47.6,97.0,6,Slice,11.6,R,3.0,0.5,L,R,3.5,R,R
632,169.4,179.6,34.6,1.42,81.9,116.1,4938.0,L,777,19.7,6.8,46.0,97.0,6,Draw,-8.9,L,7.4,1.4,L,L,6.0,L,L
633,163.4,170.0,38.0,1.36,87.8,119.0,6970.0,R,1855,21.2,5.0,50.0,110.0,6,Slice,14.9,R,5.6,1.0,L,R,6.6,R,R
634,187.6,196.2,10.0,1.37,95.1,129.9,6164.0,L,85,15.6,2.6,46.5,103.0,6,Straight,-0.8,L,2.8,0.7,L,L,2.1,L,L
635,170.1,178.2,24.3,1.22,99.3,121.4,6190.0,R,1773,16.0,0.5,44.5,87.0,5,Slice,16.0,L,0.3,2.2,L,R,1.9,R,L
636,177.4,185.1,9.9,1.33,94.2,125.2,6502.0,R,627,18.8,0.1,49.1,112.0,6,Fade,5.5,R,0.3,4.0,L,R,4.4,R,L
637,155.3,166.1,9.7,1.19,91.0,107.8,4186.0,L,41,16.4,3.1,37.8,65.0,5,Straight,-0.6,L,3.2,2.8,L,L,0.4,L,L
638,173.8,180.7,29.2,1.34,93.1,125.1,6909.0,R,1770,19.2,1.4,49.6,112.0,6,Slice,14.4,R,2.0,4.0,L,R,5.9,R,R
639,127.2,135.9,1.5,1.03,93.1,95.9,4926.0,R,759,17.2,2.8,35.7,51.0,4,Fade,8.8,L,2.5,5.5,L,R,3.0,R,L
640,129.8,135.1,3.1,1.23,79.9,98.5,7316.0,R,490,26.1,3.2,49.6,92.0,5,Fade,3.8,L,3.1,3.5,L,R,0.4,L,L
641,138.3,140.7,0.1,1.26,84.9,106.8,9380.0,R,483,25.3,1.6,52.1,108.0,6,Straight,2.9,L,1.6,1.6,L,L,0.0,L,L
642,124.3,128.3,0.5,1.11,87.2,96.3,8148.0,R,782,26.4,2.4,49.7,90.0,5,Fade,5.5,L,2.3,3.2,L,R,0.9,R,L
643,242.8,255.0,8.4,1.5,104.6,157.0,4447.0,R,86,7.8,2.6,39.4,87.0,6,Straight,1.1,L,2.6,2.5,L,L,0.1,L,L
644,228.0,238.9,2.1,1.51,100.3,150.9,5215.0,R,236,10.8,1.0,44.4,105.0,6,Straight,2.6,L,0.4,6.9,L,R,6.5,R,L
645,224.9,237.2,1.3,1.48,97.8,145.1,4408.0,R,267,11.8,1.7,42.6,99.0,6,Fade,3.5,L,1.5,3.2,L,R,1.7,R,L
646,227.1,237.5,12.5,1.45,106.2,154.3,5410.0,R,1294,9.1,4.9,42.9,94.0,6,Slice,13.5,L,5.0,3.9,L,L,1.1,R,L
647,229.9,242.6,41.4,1.49,100.2,149.6,4249.0,L,1103,10.8,2.0,41.5,94.0,6,Hook,-14.6,L,1.8,3.7,L,R,1.9,L,L
648,115.4,114.4,2.6,1.23,76.6,94.3,11481.0,R,791,27.6,0.6,52.0,91.0,5,Fade,3.9,L,0.5,2.0,L,R,1.5,R,L
649,190.1,198.5,7.3,1.43,92.2,132.0,6325.0,R,174,16.6,3.0,48.5,113.0,6,Straight,1.6,L,3.0,3.6,L,R,0.6,L,L
650,173.9,179.8,17.8,1.31,96.3,126.1,7718.0,R,1431,17.3,0.3,48.7,106.0,6,Slice,10.5,R,0.2,4.9,L,R,5.1,R,L
651,170.7,176.6,28.5,1.27,98.1,124.2,7519.0,R,1679,19.1,2.3,49.7,111.0,6,Slice,12.6,R,2.9,2.8,L,R,5.7,R,R
652,159.1,168.6,22.3,1.27,88.0,112.0,5048.0,L,561,15.3,4.7,39.1,68.0,5,Draw,-6.3,L,4.8,4.4,L,L,0.4,L,L
653,134.0,144.6,19.7,1.11,88.9,99.1,3860.0,L,679,15.6,4.3,32.3,47.0,4,Hook,-10.0,L,4.4,3.4,L,L,1.0,L,L
654,208.3,219.7,11.8,1.37,101.0,138.4,4683.0,R,573,10.8,0.7,39.8,82.0,6,Fade,7.0,L,0.3,3.8,L,R,3.5,R,L
655,280.1,297.6,11.6,1.41,116.1,163.5,2708.0,R,123,10.4,3.5,36.9,96.0,7,Straight,2.6,L,3.6,2.6,L,L,1.1,L,L
656,273.9,289.7,25.1,1.43,115.8,165.8,3077.0,L,213,7.8,3.0,34.8,82.0,6,Draw,-4.0,L,3.3,0.8,L,L,2.5,L,L
657,276.9,297.8,60.4,1.44,111.4,160.9,1709.0,L,568,11.7,5.1,29.2,76.0,6,Hook,-18.4,L,5.4,2.0,L,L,3.4,L,L
658,208.4,228.4,66.3,1.46,112.4,163.7,1371.0,L,1556,8.0,4.7,16.0,31.0,3,Hook,-48.6,L,5.2,0.3,L,L,4.9,L,L
659,268.0,287.5,21.2,1.29,118.0,152.2,2096.0,L,199,13.2,2.0,35.3,94.0,6,Draw,-5.4,L,2.3,0.6,R,L,2.8,L,L
660,275.4,293.0,31.4,1.36,120.4,163.7,2409.0,R,81,8.3,7.0,29.8,71.0,6,Pull,1.9,L,7.6,2.2,L,L,5.3,L,L
661,151.8,177.6,55.5,1.45,113.1,163.8,371.0,L,1850,8.8,7.7,12.2,20.0,2,Pull Hook,-78.7,L,8.5,0.3,L,L,8.2,L,L
662,182.0,193.4,26.8,1.25,102.5,127.7,4066.0,L,874,8.2,2.6,29.5,48.0,5,Hook,-12.1,L,2.6,3.1,L,R,0.6,L,L
663,149.9,160.8,9.7,1.07,107.9,115.8,3682.0,L,548,7.1,0.5,21.1,28.0,4,Draw,-8.5,L,0.3,2.6,L,R,2.3,L,L
664,177.1,189.7,23.8,1.18,105.0,124.3,3265.0,L,536,8.5,3.5,25.7,41.0,4,Hook,-9.3,L,3.5,4.4,L,R,0.9,L,L
665,194.0,205.6,55.5,1.27,104.1,132.6,4433.0,R,1895,14.2,4.0,41.8,86.0,6,Slice,23.1,R,4.8,2.9,L,R,7.7,R,R
666,161.9,172.8,34.6,1.32,104.3,137.9,3562.0,L,731,1.1,7.7,10.9,12.0,3,Pull Hook,-11.6,L,8.3,1.8,L,L,6.6,L,L
667,146.9,162.0,15.9,1.12,98.9,110.6,1860.0,R,846,11.6,1.2,21.4,32.0,3,Slice,24.5,L,0.8,5.1,L,R,4.3,R,L
668,210.2,221.3,2.0,1.42,100.3,142.4,4521.0,R,170,6.6,1.7,32.9,60.0,5,Straight,2.1,L,1.8,1.0,L,L,0.7,L,L
669,236.2,247.6,13.6,1.49,104.3,155.8,4802.0,L,245,7.2,1.6,39.2,83.0,6,Straight,-2.9,L,1.4,3.1,L,R,1.6,L,L
670,215.7,227.5,10.7,1.48,95.4,141.4,4668.0,L,715,12.8,2.2,43.7,101.0,6,Draw,-8.7,R,2.7,2.4,L,R,5.1,L,R
671,217.1,229.7,0.7,1.44,97.5,140.7,3999.0,R,155,9.8,1.4,37.1,76.0,6,Straight,2.2,L,1.2,3.1,L,R,2.0,L,L
672,228.7,241.9,39.4,1.31,112.7,147.3,3659.0,L,631,8.4,4.5,34.6,70.0,6,Hook,-9.8,L,4.6,3.5,L,L,1.1,L,L
673,162.5,175.1,23.5,1.18,100.2,117.8,3157.0,R,1233,10.4,0.3,26.6,42.0,4,Slice,21.3,R,0.5,7.9,L,R,8.4,R,L
674,215.2,226.6,22.3,1.5,95.3,143.1,4487.0,L,327,8.1,3.5,36.2,71.0,6,Draw,-4.2,L,3.6,2.9,L,L,0.7,L,L
675,172.2,183.4,38.1,1.26,96.4,121.6,4202.0,R,1698,12.4,2.2,35.1,60.0,5,Slice,22.0,R,2.6,0.8,L,R,3.4,R,R
676,202.7,215.1,41.3,1.37,99.0,135.7,3868.0,L,1011,9.6,4.2,34.1,64.0,5,Hook,-14.6,L,4.3,3.0,L,L,1.3,L,L
677,216.7,227.8,11.7,1.33,108.3,144.1,4882.0,R,570,9.7,0.8,40.3,85.0,6,Fade,6.7,L,0.6,2.5,L,R,2.0,R,L
678,178.4,190.6,12.0,1.19,102.6,121.8,3677.0,L,332,10.6,1.4,31.2,53.0,5,Draw,-5.2,L,1.2,3.3,L,R,2.1,L,L
679,162.5,174.4,13.6,1.13,102.3,115.4,3569.0,L,170,10.2,3.4,27.9,43.0,4,Straight,-2.7,L,3.0,6.9,L,R,3.9,L,L
680,208.1,222.6,63.5,1.46,97.1,142.0,2946.0,L,1467,8.6,5.5,28.4,52.0,5,Hook,-26.5,L,5.9,1.4,L,L,4.5,L,L
681,208.0,218.6,19.4,1.41,100.2,141.4,4965.0,R,994,8.9,1.0,38.0,74.0,6,Slice,11.3,L,0.8,2.4,L,R,1.6,R,L
682,216.4,229.4,31.0,1.42,97.7,139.2,3867.0,L,398,10.7,4.8,37.8,79.0,6,Draw,-5.9,L,4.8,4.7,L,L,0.2,L,L
683,238.6,250.2,23.9,1.46,107.1,156.6,4723.0,L,70,7.5,5.1,39.4,85.0,6,Straight,-0.8,L,5.2,3.8,L,L,1.4,L,L
684,241.9,255.3,14.8,1.48,102.8,152.4,4115.0,L,248,12.0,1.5,43.9,111.0,7,Draw,-3.4,L,1.4,2.8,L,R,1.4,L,L
685,188.0,197.1,19.7,1.32,97.9,129.1,5812.0,R,225,16.9,4.5,47.4,108.0,6,Straight,2.2,R,5.5,4.1,L,R,9.6,R,R
686,224.3,237.0,8.2,1.38,102.8,142.1,3899.0,R,184,12.0,3.4,40.7,93.0,6,Straight,2.7,L,3.4,4.2,L,R,0.9,L,L
687,210.9,221.6,11.3,1.37,104.3,142.4,5100.0,R,1025,10.5,3.3,41.2,86.0,6,Slice,11.4,L,3.1,5.2,L,R,2.1,R,L
688,200.0,211.9,23.3,1.26,106.1,134.1,4163.0,R,1137,11.1,1.3,37.2,72.0,5,Slice,15.3,L,1.2,2.2,L,R,1.0,R,L
689,158.5,173.8,30.1,1.1,104.1,114.7,1896.0,L,714,11.4,3.9,22.2,36.0,4,Hook,-20.6,L,4.1,2.3,L,L,1.8,L,L
690,90.3,110.7,0.8,1.11,93.2,103.8,149.0,R,199,11.2,3.1,12.7,14.0,2,Slice,53.2,L,2.6,7.6,L,R,4.9,L,L
691,191.5,199.8,1.6,1.33,99.8,133.1,6353.0,R,396,16.4,2.6,48.5,114.0,6,Fade,3.6,L,2.6,2.1,L,L,0.5,L,L
692,193.1,202.1,11.1,1.43,92.9,132.8,5930.0,L,101,18.0,2.7,49.5,123.0,6,Straight,-1.0,L,2.7,2.0,L,L,0.8,L,L
693,148.9,156.3,6.6,1.24,87.5,108.1,6277.0,L,71,24.5,2.2,49.9,105.0,6,Straight,-0.6,L,2.3,1.1,L,L,1.2,L,L
694,154.5,159.3,10.2,1.36,86.1,117.0,7953.0,R,891,25.9,0.1,53.9,131.0,6,Fade,6.4,R,0.3,2.0,L,R,2.4,R,R
695,149.7,156.4,2.7,1.31,83.5,109.7,6645.0,R,434,24.8,1.0,50.9,110.0,6,Fade,3.7,L,0.8,2.2,L,R,1.4,R,L
696,99.4,97.0,2.1,0.93,91.8,85.5,11965.0,R,273,31.5,1.8,53.5,86.0,5,Straight,1.3,L,1.8,2.6,L,R,0.8,L,L
697,105.8,106.4,7.2,1.02,83.9,85.9,10365.0,L,32,25.2,3.9,46.5,67.0,4,Straight,-0.2,L,4.1,1.8,L,L,2.3,L,L
698,5.9,6.7,0.2,1.12,15.6,17.6,2485.0,L,457,30.8,1.4,30.7,2.0,0,Hook,-10.4,R,0.1,12.7,R,L,12.6,R,R
699,8.5,9.7,0.5,0.99,20.9,20.8,2581.0,R,11,33.0,3.0,33.9,4.0,1,Straight,0.2,R,0.3,0.0,R,R,0.3,R,R
700,97.3,97.3,6.6,1.12,72.7,81.6,10333.0,L,150,29.4,4.2,49.2,71.0,4,Straight,-0.8,R,3.6,10.3,R,L,6.7,R,R
701,131.5,134.0,11.6,1.24,82.4,101.8,9278.0,R,1270,25.2,1.1,50.8,97.0,5,Fade,7.8,R,1.3,0.8,L,R,2.2,R,R
702,137.2,146.9,9.6,1.28,80.0,102.0,4486.0,L,1043,14.6,1.3,33.0,48.0,4,Hook,-13.1,R,1.1,3.2,R,L,2.1,L,R
703,257.0,279.3,57.4,1.46,96.8,141.1,1473.0,R,478,19.7,5.2,39.2,115.0,6,Slice,18.0,R,5.0,6.7,R,L,1.8,R,R
704,269.0,284.2,10.5,1.38,119.5,165.3,3509.0,R,731,10.2,4.3,41.4,107.0,7,Slice,11.8,L,4.6,2.4,L,L,2.2,R,L
705,32.2,32.0,1.5,0.82,50.2,41.3,6670.0,R,1460,45.1,1.2,51.4,28.0,2,Slice,12.3,R,2.1,6.8,L,R,8.9,R,R
706,157.1,167.2,18.5,1.31,85.2,112.0,4570.0,L,1350,14.7,0.8,36.9,62.0,5,Hook,-16.5,R,0.3,4.9,R,L,4.6,L,R
707,163.1,169.1,21.8,1.33,89.4,118.7,7419.0,L,496,21.0,5.4,50.2,112.0,6,Draw,-3.8,L,5.6,3.5,L,L,2.1,L,L
708,103.6,106.7,5.4,1.2,70.3,84.3,8270.0,L,1472,29.5,1.1,49.2,75.0,5,Hook,-10.1,R,0.6,5.5,R,L,4.9,L,R
709,149.7,153.9,4.1,1.38,82.0,112.9,8382.0,R,686,24.1,1.0,51.9,115.0,6,Fade,4.7,L,0.8,2.9,L,R,2.1,R,L
710,261.6,283.4,37.4,1.5,95.5,143.6,1682.0,R,359,18.5,2.8,39.5,116.0,6,Slice,12.1,R,2.3,6.9,R,L,4.5,R,R
711,227.3,238.6,38.5,1.5,101.1,151.8,4615.0,L,270,6.1,7.5,35.1,67.0,6,Pull Draw,-3.3,L,7.9,3.8,L,L,4.1,L,L
712,18.9,20.7,0.5,1.04,29.7,31.1,4112.0,L,214,34.3,1.5,36.5,10.0,1,Straight,-3.0,L,0.5,19.3,R,L,19.7,R,R
713,7.2,12.8,1.2,0.91,43.4,39.5,165.0,R,1126,5.8,6.3,6.0,0.0,0,Slice,81.7,L,7.6,5.4,R,L,12.9,L,L
714,22.7,23.8,2.9,0.95,35.4,33.7,5141.0,R,374,37.4,7.5,41.0,14.0,2,Pull Fade,4.2,L,7.8,4.9,L,L,2.8,L,L
715,23.2,24.5,4.9,0.83,40.9,33.9,4856.0,R,122,39.4,11.6,43.3,15.0,2,Pull,1.4,L,14.2,11.5,R,L,25.7,L,L
716,16.0,16.6,3.8,0.5,56.1,28.1,3952.0,R,1565,47.5,12.3,50.0,14.0,1,Push Slice,21.6,R,14.7,9.5,L,R,24.2,R,R
717,154.4,161.5,10.4,1.41,79.2,111.7,6686.0,L,1181,19.0,1.3,45.7,87.0,5,Hook,-10.0,R,0.8,5.8,R,L,5.0,L,R
718,152.9,157.5,8.7,1.26,89.8,113.6,8222.0,L,22,21.8,3.1,50.1,106.0,6,Straight,-0.2,L,3.0,3.9,L,R,0.9,L,L
719,23.9,25.5,0.7,1.01,35.8,36.3,5471.0,R,273,27.5,1.4,31.0,10.0,1,Straight,2.9,R,1.6,0.4,L,R,2.0,R,R
720,28.8,33.4,2.1,1.23,37.2,45.8,3791.0,R,827,17.3,2.6,19.8,7.0,1,Slice,12.3,R,2.8,0.4,R,R,2.4,R,R
721,32.7,34.2,0.4,1.07,38.8,41.4,6164.0,R,433,32.6,0.2,37.9,17.0,2,Fade,4.0,L,0.1,2.9,R,L,3.0,R,R
722,57.5,59.0,4.2,1.07,53.8,57.3,8080.0,R,810,28.4,2.8,38.7,30.0,3,Fade,5.7,R,2.9,2.2,R,R,0.7,R,R
723,210.7,227.3,1.1,1.27,100.7,127.6,2634.0,L,616,21.3,6.4,45.6,120.0,6,Hook,-13.2,R,6.4,6.2,R,R,0.2,R,R
724,292.4,311.6,82.5,1.38,121.7,167.6,2218.0,L,425,10.6,10.7,33.7,89.0,6,Pull Hook,-10.8,L,11.4,4.3,L,L,7.1,L,L
725,8.8,11.0,0.3,1.08,25.5,27.6,3026.0,R,789,15.0,1.4,15.5,1.0,0,Slice,14.6,R,2.3,6.7,L,R,9.0,R,R
726,23.2,24.9,0.3,0.98,37.2,36.4,5383.0,R,136,26.2,0.7,29.1,9.0,1,Straight,1.4,R,0.6,1.6,R,L,1.0,R,R
727,99.2,96.7,0.2,1.04,82.1,85.4,12024.0,R,819,31.3,1.8,53.2,85.0,5,Fade,3.9,L,1.7,2.6,L,R,0.9,L,L
728,135.0,139.9,19.0,1.46,69.9,101.8,7768.0,L,1597,20.5,2.5,45.3,77.0,5,Hook,-11.6,L,0.1,0.0,R,L,0.1,L,L
729,178.0,183.9,1.0,1.33,96.6,128.8,7693.0,R,252,19.1,0.8,51.0,123.0,6,Straight,1.9,L,0.8,1.6,L,R,0.9,R,L
730,164.7,176.5,24.9,1.43,85.4,122.1,3558.0,L,1232,8.0,0.7,24.4,36.0,4,Hook,-19.1,L,1.3,4.3,R,L,5.6,L,L
731,264.8,279.2,27.4,1.35,122.8,166.3,3900.0,R,1039,11.5,3.0,44.8,121.0,7,Slice,14.9,L,3.1,1.9,L,L,1.2,R,L
732,246.9,264.1,81.7,1.49,99.9,149.1,2720.0,R,1166,16.8,6.5,44.1,122.0,7,Slice,23.2,R,6.3,8.2,R,L,1.9,R,R
733,26.0,25.8,3.9,0.71,51.6,36.5,6121.0,R,2009,45.0,7.0,49.9,22.0,2,Slice,18.2,R,8.9,10.4,L,R,19.3,R,R
734,128.7,139.2,1.4,1.22,78.5,95.6,3860.0,L,625,17.1,2.8,33.5,48.0,4,Hook,-9.2,R,2.6,4.9,R,L,2.4,L,R
735,148.4,151.0,12.4,1.25,90.1,112.7,9536.0,L,273,22.1,3.8,51.0,107.0,6,Straight,-1.6,L,4.2,0.6,L,L,3.6,L,L
736,19.1,21.1,0.5,1.11,28.1,31.3,4027.0,R,41,31.7,1.5,34.6,9.0,1,Straight,0.6,L,1.5,1.0,L,L,0.6,L,L
737,80.2,78.8,3.1,0.99,72.3,71.5,11009.0,R,389,30.6,1.6,47.8,56.0,4,Straight,2.0,R,1.7,0.8,R,R,0.9,R,R
738,106.0,107.0,15.5,1.12,76.9,86.0,10024.0,R,520,26.3,7.1,47.6,70.0,5,Push,3.0,R,7.3,5.4,R,R,1.9,R,R
739,257.1,274.8,41.9,1.48,100.8,148.9,2481.0,R,182,13.6,6.8,38.5,101.0,6,Fade,4.2,R,6.6,8.9,R,L,2.3,R,R
740,259.9,273.2,2.9,1.31,126.3,165.0,3850.0,R,906,8.4,6.6,39.3,93.0,6,Slice,13.2,L,7.1,2.2,L,L,4.9,R,L
741,6.9,8.0,0.1,1.18,15.8,18.6,2452.0,L,444,32.0,1.0,33.2,3.0,0,Hook,-10.3,L,1.9,6.8,R,L,8.7,L,L
742,83.4,86.1,4.1,1.19,60.9,72.2,7921.0,L,1329,30.6,0.4,46.0,56.0,4,Hook,-9.5,L,0.3,6.8,R,L,7.1,L,R
743,1.0,16.6,1.0,1.31,79.6,104.6,2402.0,L,292,-1.0,3.5,0.9,0.0,0,Draw,-6.9,R,3.3,6.1,R,L,2.8,R,R
744,235.3,246.9,28.6,1.45,107.5,156.4,4509.0,L,288,5.4,4.7,34.4,67.0,6,Draw,-3.7,L,4.9,3.2,L,L,1.7,L,L
745,188.1,202.2,20.5,1.51,87.1,131.1,2736.0,L,834,8.0,0.7,23.5,39.0,4,Hook,-17.0,R,0.7,0.0,R,R,0.7,L,R
746,88.7,98.7,2.8,0.71,116.4,82.7,3194.0,L,1050,13.2,2.7,21.3,21.0,3,Hook,-18.2,R,2.9,1.0,R,R,1.9,L,R
747,251.7,266.5,21.1,1.38,113.1,155.6,3252.0,R,553,9.1,0.4,36.0,82.0,6,Slice,9.7,L,0.1,2.9,L,R,2.8,R,L
748,213.9,228.3,54.2,1.44,97.5,140.4,3093.0,L,1619,12.6,1.0,36.7,78.0,5,Hook,-27.6,L,2.3,10.0,R,L,12.3,L,L
749,102.3,108.2,28.5,0.86,110.7,95.6,5444.0,R,1428,46.4,9.1,62.2,151.0,6,Push Slice,14.7,R,10.8,6.6,L,R,17.4,R,R
750,233.3,254.6,74.0,1.44,113.9,164.2,1236.0,L,1020,9.4,7.4,18.0,41.0,4,Pull Hook,-39.5,L,7.9,3.0,L,L,4.9,L,L
751,15.6,15.0,1.4,0.88,35.0,30.9,4278.0,R,1396,61.1,4.2,64.1,23.0,2,Slice,18.1,R,6.1,13.1,L,R,19.3,R,R
752,48.2,51.4,1.3,1.16,44.9,52.0,6065.0,L,1222,28.3,0.5,36.1,23.0,2,Hook,-11.4,L,0.8,12.1,R,L,12.9,L,R
753,148.9,161.1,11.0,1.34,87.7,117.9,3021.0,L,572,6.2,0.4,17.4,23.0,3,Hook,-10.7,L,1.1,5.2,R,L,6.3,L,L
754,224.5,236.4,7.8,1.46,100.1,145.9,4623.0,R,74,11.4,2.5,42.8,99.0,6,Straight,0.9,L,2.4,3.6,L,R,1.2,L,L
755,253.7,279.2,40.0,1.46,97.0,141.3,1007.0,R,81,17.8,7.2,30.2,84.0,5,Push Fade,4.6,R,7.2,7.1,R,R,0.1,R,R
756,281.1,299.1,88.6,1.4,121.0,169.2,2480.0,L,827,9.1,8.9,32.4,79.0,6,Pull Hook,-18.5,L,9.6,2.8,L,L,6.8,L,L
757,59.7,61.2,2.3,1.09,53.8,58.4,8109.0,R,234,29.8,1.8,40.5,34.0,3,Straight,1.7,R,1.8,1.9,R,L,0.1,R,R
758,85.0,83.8,1.6,0.89,83.5,74.2,11012.0,R,885,29.1,0.6,47.2,57.0,4,Fade,4.6,L,0.8,1.0,R,L,1.8,R,L
759,197.4,212.4,4.3,1.5,86.1,129.6,2646.0,L,368,9.7,4.4,27.3,50.0,5,Draw,-7.9,R,4.9,0.0,R,R,4.9,R,R
760,179.5,195.0,69.2,1.49,82.7,123.5,2316.0,R,1835,15.5,6.5,33.5,63.0,5,Slice,38.4,R,7.3,0.5,L,R,7.8,R,R
761,79.0,88.0,6.4,1.45,57.2,82.8,3779.0,L,1768,10.5,1.4,17.2,14.0,2,Hook,-25.1,R,1.6,0.0,R,R,1.6,L,R
762,259.7,278.1,35.2,1.5,101.9,152.7,2084.0,R,33,10.4,7.0,29.8,71.0,6,Straight,0.9,R,7.1,6.0,R,R,1.1,R,R
763,290.1,311.5,26.4,1.42,112.4,160.0,1782.0,L,67,13.4,4.0,33.7,95.0,6,Straight,-2.2,L,4.2,3.1,L,L,1.1,L,L
764,187.7,199.2,102.5,1.37,95.1,130.5,4318.0,R,2611,19.6,15.3,47.7,109.0,6,Push Slice,31.2,R,16.3,6.4,R,R,9.8,R,R
765,32.7,39.7,4.2,1.24,48.3,60.2,3017.0,R,2958,9.9,1.8,11.7,4.0,1,Slice,44.4,R,3.3,12.4,L,R,15.7,R,R
766,18.3,19.2,1.4,0.98,31.7,31.2,5180.0,R,373,30.3,3.9,32.4,8.0,1,Fade,4.1,R,3.1,11.2,R,L,8.1,R,R
767,18.0,18.1,0.0,0.75,39.5,29.7,5159.0,R,1198,40.8,0.9,43.8,12.0,1,Slice,13.1,R,0.8,16.0,L,R,16.7,L,L
768,24.2,25.3,0.4,0.95,38.1,36.2,5870.0,R,95,29.6,0.8,32.9,11.0,1,Straight,0.9,R,1.4,4.4,L,R,5.9,R,R
769,174.2,180.2,9.6,1.25,100.1,125.4,7633.0,L,11,17.5,3.1,48.7,107.0,6,Straight,-0.1,L,3.1,3.0,L,L,0.0,L,L
770,184.2,197.9,5.9,1.5,85.1,128.0,2856.0,L,131,7.4,2.7,23.0,37.0,4,Straight,-2.6,R,3.0,0.0,R,R,3.0,R,R
771,58.2,60.1,0.7,0.99,57.9,57.3,7600.0,R,288,31.8,0.2,42.3,35.0,3,Straight,2.2,R,0.3,0.9,L,R,1.3,R,R
772,0.6,10.7,4.1,1.05,62.7,66.1,1368.0,R,1097,-1.2,22.5,1.2,0.0,0,Push Slice,38.7,R,24.3,6.3,R,R,18.0,R,R
773,232.8,248.5,43.8,1.37,105.0,143.9,2881.0,R,675,11.2,4.0,35.2,78.0,6,Slice,13.2,R,3.3,10.6,R,L,7.3,R,R
774,236.0,250.5,49.6,1.34,110.9,148.7,3639.0,R,1191,16.9,1.6,47.6,132.0,7,Slice,18.1,R,2.3,5.2,L,R,7.5,R,R
775,37.4,40.8,3.1,0.93,47.5,44.4,4682.0,R,174,33.3,4.1,38.8,21.0,2,Straight,2.1,R,4.4,1.8,R,R,2.6,R,R
776,23.6,26.7,4.2,1.06,36.0,38.2,4221.0,R,429,23.1,8.7,25.3,8.0,1,Push Fade,5.8,R,9.5,0.7,R,R,8.8,R,R
777,11.9,17.5,0.9,1.34,32.8,43.9,1554.0,R,1208,7.2,1.9,7.3,1.0,0,Slice,37.9,R,2.4,2.7,L,R,5.1,R,R
778,148.1,156.0,5.4,1.33,81.9,108.6,5909.0,L,834,13.9,1.6,37.0,58.0,5,Draw,-8.0,R,1.2,5.4,R,L,4.2,L,R
779,175.7,181.9,1.1,1.43,88.8,127.0,7446.0,R,278,20.0,0.9,51.2,124.0,6,Straight,2.1,L,0.8,2.4,L,R,1.6,R,L
780,28.4,30.7,1.1,0.91,42.7,38.8,5060.0,L,80,31.0,2.1,35.0,14.0,2,Straight,-0.9,L,1.6,0.0,R,L,1.6,R,R
781,49.2,50.9,1.3,1.02,50.9,52.1,7316.0,R,55,30.9,1.6,39.6,27.0,2,Straight,0.4,L,2.0,1.5,R,L,3.5,L,L
782,151.8,155.5,6.2,1.25,91.2,114.2,8781.0,R,832,22.7,0.8,51.5,111.0,6,Fade,5.4,L,0.5,3.0,L,R,2.5,R,L
783,165.5,177.0,12.3,1.36,87.1,118.0,3730.0,R,193,9.3,2.9,27.4,42.0,4,Straight,3.0,R,2.6,5.0,R,L,2.4,R,R
784,214.7,233.3,29.7,1.5,98.8,148.6,1682.0,L,1357,9.9,5.1,22.8,46.0,4,Hook,-38.9,R,4.7,9.4,R,L,4.8,L,R
785,263.8,279.0,8.2,1.36,118.1,160.9,3327.0,R,504,9.7,6.2,38.8,96.0,6,Fade,8.6,L,6.4,4.6,L,L,1.8,L,L
786,7.0,8.4,1.0,1.14,16.4,18.7,1959.0,R,138,33.0,7.2,33.8,3.0,1,Push Fade,4.0,R,10.9,0.0,R,R,10.9,R,R
787,9.2,10.6,1.1,1.13,19.2,21.8,2735.0,R,48,31.4,6.1,32.6,4.0,1,Straight,1.0,R,7.1,2.9,L,R,10.1,R,R
788,33.3,35.1,0.7,0.98,43.4,42.6,6255.0,L,106,28.7,1.0,33.9,15.0,2,Straight,-1.0,L,1.5,3.5,R,L,5.0,L,L
789,74.3,75.5,0.9,1.09,61.7,67.3,9077.0,L,718,26.9,2.0,41.0,41.0,3,Draw,-4.5,R,0.9,12.4,R,L,11.6,R,R
790,157.6,171.5,18.1,1.49,78.1,116.4,2418.0,L,1169,10.6,2.4,23.4,36.0,4,Hook,-25.8,R,4.1,12.4,L,R,16.4,L,R
791,183.7,197.8,25.0,1.17,105.5,123.9,2773.0,L,462,10.1,3.6,27.0,47.0,4,Hook,-9.5,L,3.8,2.6,L,L,1.2,L,L
792,17.5,19.5,0.6,1.16,25.7,29.7,3567.0,R,398,34.1,2.1,36.5,9.0,1,Fade,6.4,L,2.8,4.8,R,L,7.6,L,L
793,109.8,109.0,0.3,1.23,73.6,90.5,11242.0,R,364,28.6,1.1,51.8,87.0,5,Straight,1.9,L,1.0,2.0,L,R,1.1,L,L
794,150.0,158.9,8.2,1.24,87.5,108.4,5356.0,L,1039,15.5,2.0,38.4,63.0,5,Hook,-11.0,R,1.8,3.7,R,L,2.0,L,R
795,226.4,239.1,17.3,1.26,115.7,146.2,4402.0,R,736,16.9,1.4,48.8,136.0,7,Slice,9.5,L,1.3,2.3,L,R,1.0,R,L
796,188.8,216.1,6.2,1.49,92.7,138.4,366.0,L,984,16.6,8.8,23.3,50.0,3,Push Hook,-69.6,R,8.6,10.6,R,L,2.0,L,R
797,105.1,104.9,1.6,1.13,76.4,86.5,10711.0,R,688,28.2,0.7,50.0,77.0,5,Fade,3.7,L,0.6,2.1,L,R,1.5,R,L
798,117.7,121.0,7.5,1.2,76.6,91.8,8575.0,R,127,23.2,3.3,45.3,70.0,5,Straight,0.8,R,3.3,3.0,R,R,0.3,R,R
799,112.3,118.5,18.4,1.14,78.4,89.5,6485.0,L,1479,17.8,4.2,35.7,45.0,4,Hook,-12.8,L,5.1,3.2,R,L,8.2,L,L
800,26.4,34.1,1.4,1.16,49.4,57.3,1601.0,L,592,8.5,1.1,9.4,3.0,1,Hook,-20.3,L,1.3,0.8,R,L,2.1,L,L
801,51.0,56.5,4.0,1.01,75.1,76.1,1103.0,L,151,8.6,3.5,9.9,6.0,1,Draw,-7.8,L,3.9,0.5,R,L,4.4,L,L
802,185.6,197.7,0.7,1.33,92.9,123.2,3800.0,L,290,12.8,1.8,36.2,69.0,5,Draw,-4.4,R,1.7,3.1,R,L,1.4,L,R
803,41.8,52.3,10.2,1.38,46.6,64.1,635.0,R,2964,14.9,4.2,17.0,9.0,1,Slice,77.9,R,4.7,0.0,R,R,4.7,R,R
804,148.8,177.1,25.9,1.41,97.4,137.7,-95.0,L,1186,14.9,1.3,19.4,34.0,2,Hook,-85.4,R,0.4,9.4,R,L,9.0,L,R
805,254.3,272.0,73.9,1.17,129.6,151.6,2351.0,L,1093,14.9,4.4,39.6,105.0,6,Hook,-24.9,L,4.8,0.9,L,L,3.9,L,L
806,33.4,35.1,0.2,1.07,40.0,42.7,6247.0,L,430,29.3,0.2,34.3,15.0,2,Draw,-3.9,L,0.4,5.6,R,L,5.9,L,R
807,144.5,149.8,8.1,1.48,72.2,107.0,7636.0,R,131,21.7,2.7,47.9,92.0,5,Straight,1.0,R,3.0,0.0,R,R,3.0,R,R
808,169.2,181.1,18.1,1.41,86.3,121.8,3538.0,L,1092,9.0,1.1,26.7,42.0,4,Hook,-17.1,R,0.8,4.5,R,L,3.8,L,R
809,209.9,221.4,27.4,1.48,93.6,138.4,4679.0,L,550,12.4,3.6,42.4,93.0,6,Draw,-6.7,L,3.9,0.6,L,L,3.3,L,L
810,258.7,276.7,32.1,1.5,98.3,147.8,2252.0,L,397,15.2,11.2,39.3,107.0,6,Push Hook,-10.0,R,11.2,11.1,R,R,0.2,R,R
811,268.2,284.9,23.6,1.34,113.6,152.2,2333.0,L,180,14.6,2.8,39.6,111.0,7,Draw,-4.4,L,2.7,3.4,L,R,0.7,L,L
812,159.5,168.2,29.5,1.37,82.0,112.4,5602.0,R,510,17.6,7.6,43.0,81.0,5,Push Fade,5.2,R,7.9,5.0,R,R,2.9,R,R
813,106.1,118.0,2.6,1.11,80.1,88.7,2415.0,L,213,13.7,2.6,22.4,26.0,3,Draw,-5.0,R,2.7,1.8,R,R,0.9,R,R
814,166.6,176.5,0.9,1.44,79.8,115.2,4897.0,L,455,15.5,2.3,40.4,74.0,5,Draw,-5.3,R,2.1,4.0,R,L,1.9,L,R
815,154.5,163.3,18.9,1.39,79.1,109.9,5379.0,R,381,15.6,4.8,39.4,67.0,5,Fade,4.1,R,4.8,5.2,R,L,0.5,R,R
816,166.8,172.9,4.9,1.25,96.4,120.4,7509.0,R,616,15.0,1.0,44.6,85.0,6,Fade,4.7,L,0.4,5.5,L,R,5.1,R,L
817,161.9,169.3,1.3,1.17,98.5,115.5,6562.0,R,281,17.0,0.9,44.7,85.0,5,Straight,2.5,L,0.5,3.9,L,R,3.3,R,L
818,165.1,172.2,6.4,1.24,95.3,118.0,6775.0,R,665,16.6,0.8,45.0,87.0,6,Fade,5.6,L,0.3,5.8,L,R,5.6,R,L
819,191.6,200.6,32.5,1.41,93.5,132.3,5897.0,L,1125,15.6,3.4,46.8,105.0,6,Hook,-10.8,L,3.5,1.6,L,L,1.9,L,L
820,181.1,189.1,13.2,1.34,95.7,128.0,6374.0,R,1140,12.4,1.4,42.1,80.0,6,Slice,10.1,L,1.2,3.0,L,R,1.7,R,L
821,182.8,189.9,13.6,1.42,91.3,129.9,6964.0,R,761,18.3,0.5,49.9,119.0,6,Fade,6.2,R,0.7,1.4,L,R,2.1,R,R
822,277.7,297.3,18.6,1.41,110.5,155.8,2121.0,L,91,13.6,2.6,36.8,103.0,6,Straight,-2.5,L,2.7,1.8,L,L,0.8,L,L
823,245.5,261.5,7.9,1.36,108.2,147.2,3226.0,R,49,16.4,2.2,45.6,129.0,7,Straight,0.9,L,2.0,4.2,L,R,2.1,L,L
824,243.7,258.8,47.3,1.38,109.7,151.1,3469.0,L,1035,15.8,1.5,46.2,129.0,7,Hook,-16.6,L,1.3,3.4,L,R,2.1,L,L
825,245.0,258.4,48.1,1.51,106.1,159.7,3706.0,L,1075,6.7,2.6,33.9,70.0,6,Hook,-16.2,L,2.8,0.9,L,L,1.8,L,L
826,225.1,236.9,9.9,1.45,101.2,147.0,4808.0,L,537,14.1,1.3,46.9,119.0,7,Draw,-6.4,R,1.7,1.8,L,R,3.4,L,R
827,218.7,230.6,32.9,1.35,106.3,143.6,4383.0,L,235,9.0,6.6,37.6,76.0,6,Draw,-3.1,L,6.9,4.0,L,L,2.9,L,L
828,166.1,177.0,23.2,1.21,99.1,120.1,4022.0,L,518,8.3,4.5,26.9,40.0,4,Draw,-7.3,L,4.6,3.8,L,L,0.8,L,L
830,213.7,224.1,15.2,1.46,98.3,143.4,5288.0,R,740,11.2,0.6,43.3,96.0,6,Fade,8.0,L,0.3,3.6,L,R,3.3,R,L
831,167.2,178.5,37.9,1.13,104.7,118.5,4134.0,R,1835,13.8,1.8,36.3,62.0,5,Slice,23.9,R,2.6,4.8,L,R,7.4,R,R
832,190.1,201.6,37.5,1.29,101.2,130.4,4140.0,L,935,9.1,4.9,32.5,57.0,5,Hook,-12.7,L,5.0,4.0,L,L,1.0,L,L
833,214.7,226.9,25.1,1.45,96.0,139.4,4260.0,L,521,11.8,2.8,40.6,88.0,6,Draw,-7.0,L,2.6,4.7,L,R,2.1,L,L
834,145.4,157.2,38.0,1.17,94.5,110.3,3378.0,R,2279,13.9,1.7,30.6,46.0,4,Slice,34.0,R,2.3,3.5,L,R,5.8,R,R
835,213.3,224.5,15.0,1.37,104.0,142.4,4607.0,L,5,8.1,3.8,36.1,70.0,6,Straight,-0.1,L,4.1,1.9,L,L,2.1,L,L
836,177.0,189.9,4.3,1.2,99.2,119.2,3315.0,R,209,11.9,2.9,31.6,55.0,5,Fade,3.6,L,2.8,3.5,L,R,0.8,L,L
837,185.5,194.5,23.7,1.33,96.3,127.8,5857.0,L,644,15.8,3.6,46.0,100.0,6,Draw,-6.3,L,3.8,2.5,L,L,1.2,L,L
838,167.6,176.3,11.8,1.26,93.6,117.6,5842.0,L,413,16.4,1.8,43.5,84.0,5,Draw,-4.0,L,1.8,2.1,L,R,0.3,L,L
839,163.9,172.2,10.8,1.36,84.7,115.5,6031.0,R,250,17.0,2.5,44.0,84.0,5,Straight,2.4,R,2.4,2.9,R,L,0.5,R,R
840,167.0,177.8,16.9,1.43,81.9,116.8,4350.0,L,988,12.8,0.3,35.0,59.0,5,Hook,-12.8,L,0.1,3.6,R,L,3.7,L,R
841,169.2,178.7,25.1,1.4,83.6,117.0,5315.0,R,540,17.0,5.2,43.5,85.0,5,Fade,5.8,R,5.3,4.7,R,R,0.6,R,R
842,148.7,158.5,17.6,1.31,83.1,109.2,4546.0,R,312,11.5,4.9,30.7,45.0,4,Fade,3.9,R,4.9,5.1,R,L,0.2,R,R
843,162.4,172.3,5.9,1.42,80.3,113.8,4821.0,L,270,13.8,3.4,37.1,63.0,5,Draw,-3.2,R,3.3,5.0,R,L,1.7,R,R
844,162.9,173.0,24.7,1.43,80.0,114.6,4691.0,L,1265,14.8,1.5,38.2,66.0,5,Hook,-15.1,L,1.8,1.1,R,L,2.9,L,L
845,186.0,194.4,12.2,1.34,96.9,129.7,6251.0,R,696,18.0,0.1,49.2,116.0,6,Fade,6.4,R,0.2,1.3,L,R,1.6,R,R
846,160.4,168.3,7.0,1.17,97.0,114.0,6216.0,R,629,18.7,0.5,45.7,90.0,5,Fade,5.8,L,0.6,0.0,R,L,0.6,R,L
847,171.6,179.4,9.8,1.38,88.2,121.4,6427.0,R,122,14.4,3.7,42.9,82.0,5,Straight,1.1,L,3.8,3.5,L,L,0.3,L,L
848,179.4,187.2,10.3,1.28,98.9,126.5,6547.0,R,1065,15.1,1.9,45.5,94.0,6,Slice,9.2,L,2.0,1.4,L,L,0.6,R,L
849,166.6,173.1,22.3,1.25,96.4,120.2,7197.0,R,1339,18.7,1.8,48.3,102.0,6,Slice,10.5,R,2.2,1.9,L,R,4.1,R,R
850,184.6,193.2,17.2,1.32,96.8,127.9,6075.0,L,291,16.4,3.6,46.8,104.0,6,Straight,-2.7,L,3.5,4.3,L,R,0.8,L,L
851,181.7,191.2,14.9,1.27,97.8,124.2,5492.0,L,156,16.3,3.7,45.0,95.0,6,Straight,-1.6,L,3.8,2.7,L,L,1.1,L,L
852,173.2,181.4,5.2,1.37,88.9,121.5,6211.0,R,642,17.9,1.5,46.9,100.0,6,Fade,5.9,L,1.3,3.1,L,R,1.8,R,L
853,181.7,190.3,7.3,1.33,94.9,126.3,6068.0,R,502,18.3,0.5,48.5,111.0,6,Fade,4.7,L,0.3,2.0,L,R,1.7,R,L
854,178.8,194.0,69.5,1.41,92.0,129.4,2246.0,R,2961,18.3,0.8,38.1,74.0,5,Slice,52.8,R,1.2,3.0,L,R,4.2,R,R
855,173.7,181.3,11.3,1.38,88.9,122.8,6539.0,R,645,18.5,0.5,48.1,105.0,6,Fade,5.6,R,0.7,0.8,L,R,1.5,R,R
856,135.4,139.1,12.4,1.23,83.9,103.1,8634.0,L,401,23.8,3.9,49.6,94.0,5,Straight,-2.7,L,3.9,3.5,L,L,0.4,L,L
857,117.0,124.4,4.5,1.09,81.6,88.8,5535.0,L,416,26.2,0.5,45.5,72.0,5,Draw,-4.3,L,0.6,0.6,R,L,1.2,L,L
858,140.2,143.1,0.5,1.19,90.3,107.2,9195.0,R,837,24.0,2.9,50.9,103.0,6,Fade,5.2,L,2.9,3.4,L,R,0.6,L,L
859,133.5,136.6,5.8,1.19,85.6,101.7,9105.0,L,139,21.3,2.1,47.0,81.0,5,Straight,-0.9,L,2.1,1.4,L,L,0.7,L,L
860,134.8,137.1,4.2,1.28,80.9,103.7,9653.0,L,19,23.4,1.7,50.0,94.0,5,Straight,-0.1,L,1.7,1.7,L,L,0.0,L,L
861,124.8,129.3,22.0,1.18,81.3,95.7,7865.0,R,778,22.8,7.4,45.8,75.0,5,Push Fade,5.6,R,5.6,0.0,R,R,5.6,R,R
862,132.0,137.0,12.4,1.2,82.7,99.5,7685.0,R,90,21.1,5.0,45.1,76.0,5,Straight,0.7,R,5.3,2.0,R,R,3.3,R,R
863,131.3,138.3,7.0,1.08,90.5,98.2,6268.0,R,55,18.5,2.7,40.2,61.0,5,Straight,0.5,R,1.1,17.2,R,L,16.1,R,R
864,133.3,140.1,7.7,1.3,76.1,99.1,6392.0,L,477,19.6,5.1,42.1,68.0,5,Draw,-4.3,R,4.9,6.7,R,L,1.8,R,R
865,134.2,140.3,6.1,1.47,68.1,100.1,6916.0,L,538,20.1,0.6,43.4,72.0,5,Draw,-4.4,L,0.7,0.0,R,L,0.7,L,L
866,115.5,121.6,4.1,1.24,73.9,91.5,6565.0,L,1242,16.8,2.1,35.2,45.0,4,Hook,-10.7,R,1.8,4.5,R,L,2.6,L,R
867,99.3,99.6,1.5,1.14,72.5,82.7,10202.0,L,497,28.9,2.1,49.2,72.0,5,Straight,-2.8,R,1.5,7.1,R,L,5.6,R,R
868,79.2,79.2,8.3,1.01,69.9,70.4,10195.0,R,226,26.7,5.6,42.3,45.0,4,Straight,1.3,R,5.7,5.2,R,R,0.5,R,R
869,81.1,83.9,10.9,0.96,73.5,70.8,7575.0,R,64,33.3,7.3,48.4,60.0,4,Push,0.5,R,6.6,13.8,R,L,7.2,R,R
870,79.7,79.2,9.8,1.01,70.5,70.9,10384.0,R,610,29.9,6.0,46.3,53.0,4,Fade,3.4,R,6.4,2.9,R,R,3.5,R,R
871,78.4,77.5,7.9,1.0,70.3,70.0,10485.0,R,481,31.0,5.0,47.5,54.0,4,Straight,2.6,R,4.7,8.1,R,L,3.4,R,R
872,82.8,86.8,6.5,1.06,67.3,71.1,6887.0,R,195,32.0,3.9,47.0,57.0,4,Straight,1.6,R,3.7,5.4,R,L,1.7,R,R
873,73.4,74.3,1.8,0.96,69.1,66.5,9114.0,L,396,29.0,2.1,43.2,44.0,3,Straight,-2.5,R,1.8,4.6,R,L,2.8,R,R
874,97.4,101.2,6.4,1.42,56.9,80.9,7906.0,L,883,21.0,1.4,38.0,45.0,4,Draw,-6.4,L,1.6,0.0,R,L,1.6,L,L
875,65.0,65.4,5.6,0.94,65.7,61.6,9185.0,R,672,30.1,3.8,42.9,39.0,3,Fade,4.2,R,4.2,0.4,R,R,3.8,R,R
