,Carry,Total,Side Dist,Smash Factor,Club Speed,Ball Speed,Back Spin,Side Spin Angle,Side Spin,Launch Angle,Side Angle,Decent Angle,Apex,Flight Time,Type,Spin Axis,Face Angle,Face Path Angle,Club Path,Club Path Angle,Face to Path Angle,Face to Path,Side Dist Angle
2,72.4,82.2,5.0,1.36,50.8,69.2,2572.0,1,63,18.5,L 3.3,25.4,22.0,2,Straight,-1.4,1,3.5,1.3,1,1,2.2,1
3,81.1,89.3,2.9,1.32,55.8,73.7,3967.0,2,411,18.1,L 3.4,27.7,26.0,3,Fade,5.9,1,3.3,4.3,1,2,1.1,1
5,38.9,45.8,11.6,1.07,54.8,58.7,3245.0,2,3589,13.7,R 9.1,16.8,7.0,1,Push Slice,47.9,2,10.5,3.2,1,2,13.7,2
6,52.4,59.4,17.1,1.08,56.7,61.1,3637.0,2,3497,19.1,R 9.7,24.8,16.0,2,Push Slice,43.9,2,10.9,0.7,1,2,11.6,2
7,54.7,63.4,3.4,1.18,55.9,66.0,2597.0,2,1087,14.1,L 6.5,18.2,12.0,2,Slice,22.7,1,6.8,3.0,1,1,3.8,1
8,79.8,90.5,0.8,1.38,51.7,71.3,2161.0,1,62,20.1,R 0.8,27.6,27.0,3,Straight,-1.7,2,1.2,2.3,1,2,3.5,2
12,73.3,81.6,1.0,1.33,51.3,68.1,3597.0,2,49,20.7,R 0.6,29.5,26.0,3,Straight,0.8,2,1.2,5.2,1,2,6.5,2
14,60.2,65.3,16.9,1.13,51.4,58.3,4801.0,1,2256,33.4,L 10.0,43.1,37.0,3,Pull Hook,-25.2,1,11.3,1.9,2,1,13.2,1
19,74.7,79.7,1.9,1.29,51.9,67.0,5972.0,2,561,26.0,L 0.0,38.2,37.0,3,Fade,5.4,1,0.2,1.2,2,1,1.4,2
21,81.9,92.5,9.3,1.38,53.8,74.2,2389.0,1,443,17.9,L 3.6,25.4,24.0,3,Hook,-10.5,1,3.7,3.3,1,1,0.4,1
22,59.1,62.2,2.3,1.12,52.2,58.3,6828.0,2,659,28.0,L 3.4,38.0,30.0,3,Fade,5.5,1,3.4,2.6,1,1,0.8,1
26,85.7,96.2,10.5,1.34,55.5,74.1,2542.0,1,342,20.2,L 4.6,28.8,30.0,3,Draw,-7.7,1,5.0,1.3,1,1,3.7,1
29,79.2,85.8,8.0,1.27,55.6,70.5,4991.0,2,1238,22.7,R 1.9,34.1,33.0,3,Slice,13.9,2,3.4,11.7,1,2,15.1,2
30,83.9,89.8,1.0,1.32,54.6,72.3,5619.0,2,398,23.5,L 1.9,36.5,39.0,3,Fade,4.0,1,2.0,1.0,1,1,1.0,1
31,58.8,63.0,3.5,1.27,45.1,57.2,5543.0,1,493,33.3,L 2.1,43.1,37.0,3,Draw,-5.1,1,2.6,2.4,2,1,5.0,1
36,73.1,86.5,29.7,1.38,60.4,83.6,963.0,1,2223,14.5,L 10.4,18.6,16.0,2,Pull Hook,-66.6,1,11.7,1.0,2,1,12.7,1
37,68.7,78.0,13.3,1.3,60.7,79.0,3091.0,2,269,9.3,L 10.7,13.9,10.0,2,Pull Fade,5.0,1,11.6,2.7,1,1,8.9,1
39,92.0,103.2,8.2,1.4,55.4,77.5,2339.0,1,286,19.2,L 3.1,27.9,31.0,3,Draw,-7.0,1,3.4,0.0,2,1,3.5,1
41,42.2,51.2,2.4,1.31,53.5,70.2,2237.0,2,270,7.6,L 3.5,9.2,4.0,1,Fade,6.9,1,4.2,2.5,2,1,6.7,1
42,89.0,98.0,4.1,1.39,54.9,76.2,3669.0,2,20,19.5,L 2.5,30.3,32.0,3,Straight,0.3,1,2.5,3.1,1,2,0.7,1
43,71.9,79.1,13.8,1.31,54.2,71.1,4342.0,1,1552,16.9,L 5.8,25.2,21.0,2,Hook,-19.7,1,6.7,2.7,2,1,9.4,1
46,68.0,77.6,15.9,1.27,54.6,69.3,2438.0,1,1187,17.4,L 7.3,23.3,19.0,2,Pull Hook,-26.0,1,8.3,1.5,2,1,9.8,1
47,48.6,56.1,1.4,1.2,56.0,67.4,3534.0,2,980,10.2,L 3.6,13.5,7.0,1,Slice,15.5,1,4.0,0.1,1,1,3.9,1
49,67.0,76.2,9.8,1.34,48.1,64.7,2427.0,1,617,21.5,L 4.9,28.2,23.0,2,Hook,-14.3,1,5.7,1.9,2,1,7.6,1
52,43.6,50.4,6.4,1.25,38.7,48.5,2395.0,1,714,30.8,L 5.4,36.1,22.0,2,Hook,-16.6,1,5.8,1.6,1,1,4.2,1
57,88.8,93.4,14.8,1.23,60.9,74.9,6567.0,1,1082,32.1,L 6.2,47.8,64.0,4,Hook,-9.4,1,7.0,1.4,2,1,8.4,1
58,88.1,89.7,5.0,1.25,61.1,76.4,8690.0,2,258,34.6,L 3.9,51.6,74.0,4,Straight,1.7,1,4.2,0.8,1,1,3.5,1
59,69.6,73.7,6.6,1.08,59.2,63.7,6207.0,1,1101,31.6,L 2.7,43.5,43.0,3,Hook,-10.1,1,3.4,3.6,2,1,6.9,1
60,87.2,92.6,13.5,1.35,54.3,73.4,5846.0,1,1029,33.0,L 5.4,48.1,63.0,4,Hook,-10.0,1,6.1,1.0,2,1,7.0,1
61,79.4,83.3,6.2,1.27,54.7,69.4,6699.0,1,920,33.2,L 2.0,47.3,56.0,4,Draw,-7.8,1,2.7,4.1,2,1,6.8,1
62,82.9,85.9,7.4,1.21,59.4,71.6,7901.0,1,124,27.7,L 4.7,42.7,48.0,4,Straight,-0.9,1,5.3,0.1,2,1,5.3,1
63,57.7,61.4,4.9,1.21,47.2,57.2,6116.0,1,846,29.5,L 3.0,38.9,31.0,3,Draw,-7.9,1,3.9,5.1,2,1,9.0,1
64,80.9,85.2,18.2,1.28,54.7,70.3,6496.0,1,2044,31.8,L 7.3,46.2,54.0,4,Pull Hook,-17.5,1,8.6,5.0,2,1,13.7,1
65,90.1,93.5,1.1,1.3,58.8,76.5,7379.0,1,102,34.9,L 0.4,51.4,75.0,4,Straight,-0.8,1,0.9,3.9,2,1,4.8,1
67,59.4,61.7,10.0,1.07,54.4,58.0,7055.0,1,1024,35.7,L 7.5,46.5,42.0,3,Pull Draw,-8.3,1,8.3,0.2,1,1,8.2,1
68,43.0,44.7,1.6,1.05,45.3,47.7,6482.0,2,63,36.7,L 2.1,44.3,29.0,2,Straight,0.6,1,2.2,1.8,1,1,0.4,1
70,41.5,43.0,1.8,0.98,47.8,46.9,6464.0,2,259,37.6,L 2.8,45.0,29.0,2,Straight,2.3,1,3.1,0.3,1,1,2.8,1
71,42.5,43.0,3.4,1.09,44.0,47.8,7731.0,2,69,33.6,L 4.6,41.3,25.0,2,Straight,0.5,1,4.7,3.9,1,1,0.7,1
72,42.3,44.3,0.2,1.09,43.6,47.3,6204.0,2,1131,36.9,L 1.5,44.5,28.0,2,Slice,10.3,1,1.2,3.6,1,2,2.4,2
73,42.3,44.7,4.9,1.1,43.1,47.4,5902.0,1,579,35.9,L 5.6,43.1,27.0,2,Draw,-5.6,1,6.1,1.1,1,1,5.0,1
75,40.0,42.5,3.1,1.01,46.1,46.5,5942.0,2,1476,31.6,R 2.3,38.0,21.0,2,Slice,14.0,2,3.6,9.2,1,2,12.8,2
79,155.4,165.0,40.4,1.31,86.7,113.3,4885.0,2,2925,19.9,R 0.1,44.4,82.0,5,Slice,30.9,2,0.5,3.4,1,2,3.9,2
81,172.2,183.5,25.3,1.33,89.7,119.5,4177.0,2,1918,16.5,L 3.4,41.0,78.0,5,Slice,24.7,1,3.6,1.8,1,1,1.8,2
82,135.3,148.0,19.0,1.21,92.0,111.2,2641.0,2,967,8.0,L 13.4,17.5,22.0,3,Pull Slice,20.1,1,14.3,5.0,1,1,9.3,1
83,170.1,181.4,35.3,1.34,89.4,120.2,4159.0,2,2144,15.0,L 1.1,38.6,70.0,5,Slice,27.3,1,0.9,2.4,1,2,1.5,2
84,171.1,182.2,47.7,1.37,88.5,121.0,4348.0,2,2519,18.4,R 1.2,43.7,87.0,5,Slice,30.1,2,1.6,3.1,1,2,4.8,2
85,177.6,188.9,22.3,1.37,89.3,122.4,4338.0,2,2037,18.7,L 5.5,45.1,95.0,6,Slice,25.2,1,5.4,6.4,1,2,1.0,2
86,168.1,182.5,20.7,1.48,76.4,113.4,2524.0,2,927,15.1,L 0.9,32.0,57.0,4,Slice,20.2,1,0.9,1.4,1,2,0.5,2
87,155.3,164.5,24.8,1.41,82.0,115.3,5077.0,2,2349,12.9,L 2.3,35.2,55.0,4,Slice,24.8,1,2.0,4.4,1,2,2.3,2
88,147.4,157.5,7.8,1.45,80.0,115.7,4388.0,2,1766,8.2,L 5.7,24.6,33.0,4,Slice,21.9,1,5.7,5.5,1,1,0.2,2
89,164.6,175.2,7.0,1.49,79.7,118.5,4281.0,2,1149,10.3,L 4.1,30.6,48.0,4,Slice,15.0,1,4.1,4.8,1,2,0.7,2
90,133.1,149.4,3.8,1.47,70.6,104.0,1345.0,2,400,12.4,L 2.3,19.5,28.0,3,Slice,16.6,1,2.6,0.8,2,1,3.4,2
91,59.2,68.8,1.8,1.09,86.0,94.1,3230.0,2,876,3.2,L 3.8,5.1,3.0,1,Slice,15.2,1,3.9,2.9,1,1,1.0,1
92,174.3,185.3,16.1,1.49,81.2,120.8,4250.0,2,1058,12.0,L 1.4,34.9,61.0,5,Slice,14.0,1,1.1,4.2,1,2,3.1,2
93,174.4,184.7,13.6,1.49,82.0,121.8,4697.0,2,1130,12.1,L 2.1,36.3,63.0,5,Slice,13.5,1,1.7,5.9,1,2,4.2,2
94,163.6,176.6,29.9,1.48,76.8,113.8,3127.0,2,1059,13.5,R 2.5,31.5,53.0,4,Slice,18.7,2,3.2,3.2,1,2,6.3,2
95,171.4,183.0,36.8,1.49,79.6,118.4,4005.0,2,1793,16.8,R 0.7,40.6,77.0,5,Slice,24.1,2,1.1,2.4,1,2,3.4,2
96,131.2,147.4,4.5,1.47,68.6,100.6,1378.0,2,28,13.3,R 1.6,20.6,30.0,3,Straight,1.1,2,1.8,0.3,1,2,2.1,2
97,136.7,147.7,31.9,1.49,80.0,119.0,3644.0,2,2467,6.8,R 1.2,18.4,22.0,3,Slice,34.1,2,1.8,3.5,1,2,5.2,2
98,33.9,48.1,8.8,1.29,63.9,82.8,-131.0,1,543,7.1,L 8.4,7.4,3.0,0,Pull Hook,-76.4,1,10.0,5.6,2,1,15.6,1
99,168.4,180.7,8.6,1.44,81.5,117.7,3487.0,2,806,11.1,L 8.1,29.7,48.0,4,Pull Slice,13.0,1,9.0,0.1,1,1,8.9,1
100,55.7,70.2,9.1,1.35,84.3,114.0,1276.0,2,820,2.7,L 10.4,3.2,2.0,1,Pull Slice,32.7,1,11.6,0.6,2,1,12.2,1
101,163.2,174.4,8.1,1.47,81.2,119.6,4042.0,2,1069,8.8,L 8.7,27.0,40.0,4,Pull Slice,14.8,1,9.2,4.4,1,1,4.8,1
102,169.9,184.0,32.0,1.45,78.8,114.5,2632.0,1,529,13.3,L 5.8,30.1,52.0,4,Hook,-11.4,1,6.0,3.9,1,1,2.1,1
103,170.0,184.2,15.0,1.47,76.3,112.5,2744.0,1,158,15.0,L 3.4,32.8,59.0,5,Draw,-3.3,1,3.5,3.0,1,1,0.5,1
104,151.0,162.0,44.8,1.45,80.1,115.9,3832.0,1,944,7.6,L 10.9,22.7,31.0,4,Pull Hook,-13.8,1,11.7,4.2,1,1,7.5,1
105,87.1,102.2,4.0,1.41,58.4,82.3,859.0,1,367,15.3,R 5.4,19.1,20.0,2,Hook,-23.1,2,6.3,3.4,1,2,9.7,2
106,105.9,122.6,9.5,1.35,68.1,91.8,808.0,1,110,14.4,L 3.5,18.5,23.0,2,Draw,-7.7,1,3.4,4.5,1,2,1.1,1
107,158.0,170.3,11.2,1.42,76.1,107.9,3426.0,2,839,17.6,L 1.9,37.7,67.0,5,Slice,13.8,1,1.7,3.5,1,2,1.7,2
108,136.8,154.0,3.7,1.3,73.8,96.3,1160.0,2,110,18.1,R 0.2,26.7,43.0,4,Fade,5.4,2,0.7,4.0,1,2,4.7,2
109,169.5,180.8,8.2,1.41,81.6,115.4,4162.0,2,357,15.0,L 4.9,38.1,70.0,5,Fade,4.9,1,4.7,6.2,1,2,1.5,1
110,145.8,153.3,2.8,1.39,76.6,106.4,6208.0,1,513,16.7,R 1.2,40.5,67.0,5,Draw,-4.7,2,0.9,3.6,2,1,2.6,1
111,136.1,143.3,4.7,1.31,77.2,100.7,6166.0,1,469,17.8,L 0.0,40.0,63.0,5,Draw,-4.3,1,0.2,1.7,2,1,1.9,1
112,134.6,141.5,1.2,1.35,74.6,100.6,6425.0,1,259,17.1,R 0.6,39.3,60.0,5,Straight,-2.3,2,0.5,0.7,2,1,0.2,1
113,134.3,140.8,4.1,1.32,75.7,100.2,6610.0,1,63,18.3,R 1.9,41.0,65.0,5,Straight,-0.5,2,1.9,2.3,2,1,0.4,2
114,140.3,148.4,12.0,1.31,78.4,103.0,5670.0,1,1036,17.2,L 0.2,39.4,63.0,5,Hook,-10.4,1,0.7,4.3,2,1,5.0,1
115,131.7,137.7,1.3,1.29,77.8,100.4,6939.0,1,494,15.3,R 1.2,37.1,53.0,4,Draw,-4.1,2,1.0,3.6,2,1,2.6,1
116,136.8,142.7,8.9,1.26,80.7,102.1,7180.0,2,464,18.1,R 2.0,41.9,67.0,5,Fade,3.7,2,1.8,4.0,2,1,2.3,2
117,130.4,138.8,9.7,1.23,79.0,97.1,5226.0,1,648,17.8,L 1.2,37.4,56.0,4,Draw,-7.1,1,1.6,2.6,2,1,4.2,1
118,131.2,138.2,1.2,1.24,79.4,98.6,6167.0,1,178,17.1,R 0.2,38.1,56.0,4,Straight,-1.7,2,0.1,1.3,2,1,1.2,1
119,142.5,148.8,8.7,1.3,80.5,105.0,6959.0,2,328,18.1,R 2.1,42.9,73.0,5,Straight,2.7,2,2.0,2.8,2,1,0.7,2
120,57.3,62.0,1.8,0.9,63.9,57.2,4512.0,2,404,42.6,R 0.6,51.9,51.0,3,Fade,5.1,2,1.1,3.7,1,2,4.8,2
121,210.2,225.1,8.2,1.39,95.3,132.4,2844.0,1,271,11.5,R 0.4,33.1,67.0,5,Draw,-5.4,2,1.0,5.7,1,2,6.7,1
122,193.6,203.8,1.6,1.39,98.4,136.8,4743.0,2,615,5.7,L 4.0,29.5,47.0,5,Fade,7.4,1,4.1,3.0,1,1,1.1,1
123,183.9,199.4,40.4,1.3,94.8,123.3,2362.0,1,1025,12.4,L 3.1,29.0,53.0,4,Hook,-23.5,1,2.8,5.3,1,2,2.5,1
124,214.2,230.1,72.3,1.48,104.1,154.5,2358.0,2,1548,6.4,R 6.3,20.5,37.0,4,Slice,33.3,2,7.1,0.3,1,2,7.4,2
126,150.8,157.8,2.3,1.29,85.1,109.8,6642.0,2,812,16.2,L 2.6,41.8,71.0,5,Fade,7.0,1,2.3,4.7,1,2,2.4,2
127,147.4,155.1,11.5,1.29,82.2,106.4,6010.0,2,32,18.1,L 4.5,42.3,73.0,5,Straight,0.3,1,4.4,5.0,1,2,0.6,1
128,155.6,163.1,13.5,1.28,87.0,111.2,6364.0,1,147,19.0,L 4.2,45.5,87.0,5,Straight,-1.3,1,4.2,3.9,1,1,0.3,1
129,248.6,265.7,7.9,1.42,106.3,151.5,2391.0,1,62,8.7,L 1.2,28.4,62.0,5,Straight,-1.5,1,1.5,1.9,2,1,3.5,1
130,1.5,47.7,0.1,1.44,109.2,157.2,-413.0,2,1228,-9.7,L 0.3,9.7,0.0,0,Slice,71.4,1,0.1,1.3,1,2,1.1,1
133,266.5,283.1,39.1,1.4,109.2,153.4,2459.0,2,460,14.2,R 2.9,40.1,111.0,7,Slice,10.6,2,3.6,2.7,1,2,6.3,2
134,123.6,127.5,3.4,1.14,83.6,95.3,8254.0,2,800,23.8,L 4.0,47.0,78.0,5,Fade,5.5,1,3.7,7.1,1,2,3.4,1
135,87.7,91.3,2.9,0.92,81.8,74.9,7193.0,2,865,34.6,L 0.5,50.7,71.0,4,Fade,6.9,2,0.6,10.4,1,2,10.9,2
136,102.2,104.5,5.8,0.96,86.1,83.1,8957.0,2,1010,26.2,L 5.7,45.8,64.0,4,Fade,6.4,1,5.7,6.4,1,2,0.7,1
137,212.7,230.1,9.8,1.41,104.4,147.2,1737.0,1,501,7.2,R 2.4,17.1,33.0,4,Hook,-16.1,2,2.8,1.0,1,2,3.7,1
138,254.9,272.0,60.4,1.46,104.4,152.0,2920.0,2,842,17.3,R 4.4,46.3,137.0,7,Slice,16.1,2,4.9,0.3,2,2,4.5,2
140,170.5,180.1,10.1,1.34,87.3,117.4,5229.0,1,5,17.0,L 3.3,43.6,86.0,5,Straight,-0.1,1,3.4,1.8,1,1,1.6,1
141,43.9,47.4,1.7,0.96,49.9,48.2,5002.0,2,274,36.2,L 2.6,43.2,28.0,2,Fade,3.1,1,0.8,18.3,1,2,17.5,1
143,151.6,160.7,8.5,1.25,86.9,108.2,5230.0,2,890,17.1,L 1.3,40.5,70.0,5,Slice,9.7,1,1.0,4.0,1,2,3.0,2
144,165.7,176.2,32.2,1.37,84.2,115.0,4481.0,1,725,14.1,L 6.5,37.1,65.0,5,Hook,-9.2,1,6.9,2.5,1,1,4.4,1
145,165.8,175.0,9.3,1.33,87.1,116.2,5348.0,2,915,15.3,L 1.7,41.0,74.0,5,Slice,9.7,1,1.4,4.6,1,2,3.2,2
146,164.3,172.6,19.8,1.38,84.4,116.6,5970.0,2,1351,17.2,R 0.2,44.4,86.0,5,Slice,12.7,2,0.6,3.1,1,2,3.7,2
147,271.2,289.0,20.3,1.38,111.8,154.6,2447.0,2,199,13.7,R 1.8,39.6,110.0,7,Fade,4.7,2,2.2,1.7,1,2,3.8,2
148,40.0,42.7,0.4,0.78,60.5,47.0,4664.0,2,865,47.3,L 2.0,53.8,39.0,3,Slice,10.5,1,1.2,9.8,1,2,8.7,1
149,194.5,204.4,13.4,1.39,95.1,132.0,5414.0,2,765,14.2,L 0.6,44.5,96.0,6,Fade,8.0,1,0.4,3.1,1,2,2.7,2
150,249.9,264.5,40.8,1.4,110.4,154.9,3732.0,2,685,13.1,R 3.1,44.6,119.0,7,Slice,10.4,2,3.5,0.1,2,2,3.4,2
154,195.4,206.9,4.2,1.5,91.8,138.0,3798.0,2,209,4.8,L 0.3,23.8,37.0,4,Fade,3.2,1,0.1,1.9,1,2,1.8,2
156,169.8,179.7,3.9,1.4,84.0,117.2,5092.0,2,743,16.8,L 2.8,43.1,84.0,5,Fade,8.3,1,2.7,4.3,1,2,1.6,2
157,170.0,180.7,9.9,1.35,86.0,115.7,4610.0,1,109,16.6,L 2.5,41.5,80.0,5,Straight,-1.4,1,2.5,2.5,1,1,0.0,1
158,164.2,172.2,13.9,1.35,86.9,116.9,6173.0,2,1224,16.2,L 1.0,43.6,82.0,5,Slice,11.2,1,0.7,3.5,1,2,2.7,2
159,154.0,161.1,38.2,1.29,86.9,112.4,6503.0,2,1940,21.6,R 5.5,48.5,98.0,6,Slice,16.6,2,6.1,0.3,1,2,6.4,2
160,106.7,113.8,7.2,1.01,83.3,83.9,5349.0,1,727,31.8,L 0.8,49.5,80.0,5,Draw,-7.7,1,0.6,2.8,1,2,2.2,1
161,107.8,114.4,1.0,0.98,86.1,84.8,5749.0,2,617,30.6,L 1.9,48.8,78.0,5,Fade,6.1,1,1.6,4.0,1,2,2.4,2
162,230.3,245.9,11.4,1.42,98.2,139.7,2872.0,1,282,13.2,L 0.0,37.8,89.0,6,Draw,-5.6,2,0.2,2.2,1,2,2.5,1
163,222.2,236.7,17.0,1.35,101.6,137.5,3396.0,2,261,14.6,R 1.9,41.9,101.0,6,Fade,4.4,2,2.8,5.4,1,2,8.2,2
165,97.2,96.9,2.2,1.03,79.3,81.9,10570.0,2,823,29.7,L 3.2,49.9,72.0,5,Fade,4.5,1,3.1,3.8,1,2,0.7,1
166,92.4,92.1,5.5,1.01,77.7,78.8,10406.0,2,1442,30.4,R 0.4,49.6,68.0,4,Fade,7.9,2,0.7,2.5,1,2,3.2,2
167,93.8,92.7,3.2,0.94,84.7,80.0,11134.0,2,1187,29.3,L 0.4,49.3,68.0,4,Fade,6.1,1,0.0,4.0,1,2,4.0,2
168,161.9,171.1,1.6,1.28,88.4,113.0,5346.0,2,324,17.5,L 2.2,43.0,81.0,5,Fade,3.5,1,2.2,2.9,1,2,0.8,1
169,149.0,157.2,13.3,1.24,87.1,107.7,5686.0,2,1344,17.8,L 1.2,41.8,72.0,5,Slice,13.3,1,0.7,5.5,1,2,4.8,2
170,161.4,169.0,25.5,1.38,84.0,116.0,6374.0,2,1625,18.9,R 1.4,46.4,92.0,6,Slice,14.3,2,1.9,3.1,1,2,5.1,2
171,156.8,165.6,13.2,1.2,92.4,111.0,5581.0,2,942,18.6,R 0.1,44.0,82.0,5,Slice,9.6,2,0.1,0.2,1,2,0.3,2
172,255.4,275.1,39.2,1.46,103.5,150.9,1834.0,1,950,14.3,R 2.8,34.3,88.0,6,Hook,-27.4,2,2.8,2.5,2,2,0.4,1
173,216.2,228.4,12.6,1.49,94.5,140.7,4408.0,2,498,11.9,L 0.3,41.5,92.0,6,Fade,6.4,1,0.2,1.9,1,2,1.7,2
174,188.2,203.9,10.9,1.27,96.0,122.4,2196.0,1,165,11.9,R 4.6,27.2,51.0,5,Draw,-4.3,2,5.5,3.4,1,2,8.9,2
175,256.9,272.7,33.8,1.47,105.2,154.5,3256.0,2,387,13.2,R 3.6,42.9,116.0,7,Fade,6.8,2,3.9,1.2,2,2,2.7,2
177,199.3,214.7,6.9,1.37,93.1,127.4,2560.0,1,349,11.7,R 1.3,30.4,59.0,5,Draw,-7.8,2,2.2,6.4,1,2,8.6,1
178,190.7,205.2,12.4,1.31,96.0,125.7,2688.0,1,376,10.6,R 6.6,28.4,52.0,5,Draw,-8.0,2,7.8,4.1,1,2,11.9,2
179,152.2,160.2,8.6,1.21,90.9,109.8,5935.0,2,870,16.0,L 0.8,40.5,69.0,5,Fade,8.3,1,0.4,5.1,1,2,4.7,2
180,152.2,160.9,10.6,1.29,84.3,108.5,5475.0,2,791,18.2,L 0.0,42.3,76.0,5,Fade,8.2,2,0.5,4.7,1,2,5.2,2
183,105.3,106.7,2.9,1.06,80.5,85.3,9724.0,2,695,25.2,L 3.3,46.1,66.0,4,Fade,4.1,1,3.4,2.2,1,1,1.1,1
184,199.6,215.4,37.4,1.34,95.1,127.2,2452.0,2,535,12.5,R 5.1,31.0,62.0,5,Slice,12.3,2,6.1,3.9,1,2,10.0,2
185,214.1,227.6,3.9,1.44,96.0,138.3,3480.0,1,102,9.0,L 0.3,32.9,64.0,5,Straight,-1.7,2,0.1,3.3,1,2,3.4,1
186,179.8,193.1,26.6,1.26,92.6,116.9,3222.0,2,423,16.6,R 4.8,38.4,77.0,5,Fade,7.5,2,6.0,5.8,1,2,11.8,2
187,87.0,98.2,79.1,0.83,97.5,81.2,2115.0,2,3836,21.8,R 40.0,31.5,33.0,3,Push Slice,61.1,2,44.9,3.7,1,2,48.6,2
188,258.8,275.4,16.5,1.47,104.0,153.4,3054.0,2,268,14.2,R 0.9,43.1,120.0,7,Fade,5.0,2,0.9,0.7,2,2,0.2,2
189,205.0,216.3,39.3,1.37,102.0,139.9,4985.0,2,800,23.2,R 5.1,53.8,166.0,7,Slice,9.1,2,6.1,3.4,1,2,9.5,2
191,251.6,267.1,47.7,1.48,104.1,153.7,3432.0,2,764,15.3,R 3.4,46.2,132.0,7,Slice,12.5,2,3.6,1.7,2,2,1.9,2
194,275.7,295.2,2.2,1.47,105.8,155.5,2107.0,2,83,13.0,L 1.4,35.8,97.0,6,Straight,2.3,1,1.2,2.9,1,2,1.7,1
196,240.4,258.3,41.1,1.32,107.5,142.2,2256.0,2,395,12.9,R 4.9,34.4,82.0,6,Slice,9.9,2,5.8,2.9,1,2,8.7,2
200,217.2,229.9,0.5,1.5,91.3,136.9,3687.0,1,131,13.1,R 0.9,40.5,91.0,6,Straight,-2.0,2,1.2,1.4,1,2,2.6,1
201,194.9,211.0,4.9,1.28,94.5,121.3,2409.0,1,373,16.0,R 5.0,35.5,75.0,5,Draw,-8.8,2,6.1,5.2,1,2,11.3,2
202,157.8,167.0,0.6,1.32,85.0,112.0,5117.0,2,418,14.1,L 2.3,37.5,63.0,5,Fade,4.7,1,2.4,1.8,1,1,0.7,1
203,136.3,146.1,9.8,1.15,85.7,98.7,4436.0,1,304,17.9,L 2.4,37.3,58.0,4,Draw,-3.9,1,2.5,1.3,1,1,1.2,1
204,134.4,143.6,1.2,1.15,85.7,98.5,4738.0,2,301,17.4,L 2.0,36.9,56.0,4,Fade,3.6,1,1.9,2.4,1,2,0.5,1
205,149.9,158.8,6.0,1.24,86.1,107.1,5293.0,2,90,16.5,L 2.6,39.5,67.0,5,Straight,1.0,1,2.6,3.1,1,2,0.6,1
206,162.1,172.7,20.9,1.33,83.8,111.3,4424.0,1,524,17.5,L 4.0,40.9,76.0,5,Draw,-6.8,1,4.2,2.0,1,1,2.2,1
207,96.5,99.1,3.8,0.99,80.4,79.9,8345.0,2,588,30.5,L 3.8,48.8,70.0,4,Fade,4.0,1,3.6,5.3,1,2,1.7,1
208,95.9,97.9,2.1,1.07,75.0,80.1,8744.0,2,582,31.8,L 2.8,50.2,74.0,5,Fade,3.8,1,2.5,5.1,1,2,2.6,1
209,79.8,82.7,3.2,0.86,80.7,69.6,7725.0,2,664,30.1,L 3.8,44.8,50.0,4,Fade,4.9,1,3.3,8.1,1,2,4.8,1
210,82.5,89.9,8.8,0.87,80.6,70.1,4178.0,1,1489,32.5,L 0.4,45.4,54.0,4,Hook,-19.6,2,0.3,6.9,1,2,7.2,1
212,88.2,95.3,2.8,0.92,79.9,73.3,4766.0,2,497,27.9,L 3.4,41.5,50.0,4,Fade,5.9,1,3.0,6.7,1,2,3.6,1
213,87.2,86.4,1.7,0.92,82.0,75.2,10928.0,2,326,27.2,L 1.8,45.3,54.0,4,Straight,1.7,1,1.3,6.6,1,2,5.4,1
214,87.9,89.1,5.6,0.98,77.0,75.2,9202.0,2,332,30.8,L 4.4,48.0,62.0,4,Straight,2.1,1,3.6,11.5,1,2,8.0,1
215,83.4,82.7,0.0,1.2,61.0,72.9,10504.0,2,983,29.8,L 1.9,47.2,57.0,4,Fade,5.3,1,0.9,11.0,1,2,10.1,2
216,78.7,81.3,0.6,0.88,78.4,69.1,7918.0,2,255,30.0,L 1.1,44.6,50.0,4,Straight,1.8,1,0.2,8.4,1,2,8.1,1
217,79.4,82.7,2.8,0.87,80.0,69.6,7097.0,2,95,34.3,L 2.2,48.8,60.0,4,Straight,0.8,1,1.7,6.8,1,2,5.0,1
218,71.1,75.1,5.7,0.82,78.7,64.8,6093.0,2,582,36.6,R 3.0,49.2,55.0,4,Fade,5.5,2,2.6,6.0,2,1,3.3,2
219,85.8,84.6,3.4,0.98,76.0,74.6,11102.0,2,563,28.8,R 1.4,47.0,57.0,4,Straight,2.9,2,2.6,9.4,1,2,12.0,2
220,89.3,88.8,0.3,1.05,73.2,76.7,10682.0,2,611,28.6,L 1.4,47.1,60.0,4,Fade,3.3,1,0.9,6.1,1,2,5.2,1
221,79.5,78.0,2.4,0.95,75.3,71.1,11177.0,2,1361,29.0,L 0.6,46.1,52.0,4,Fade,6.9,2,0.7,11.7,1,2,12.3,2
222,83.3,84.1,0.8,0.93,77.8,72.7,9419.0,2,530,30.4,L 1.7,47.0,57.0,4,Fade,3.2,1,0.9,8.7,1,2,7.8,1
223,52.4,56.5,1.7,1.05,50.7,53.4,5064.0,2,250,35.1,L 2.3,43.6,34.0,3,Straight,2.8,1,0.1,0.0,2,1,0.1,1
224,46.4,52.1,3.3,1.0,49.4,49.6,3266.0,1,537,34.1,L 2.3,40.6,27.0,2,Hook,-9.3,1,0.3,0.0,2,1,0.3,1
225,45.1,47.5,0.2,0.94,52.4,49.2,6318.0,2,467,32.4,L 0.6,40.1,25.0,2,Fade,4.2,2,0.7,11.9,1,2,12.6,2
226,52.8,55.3,0.7,0.94,57.2,53.9,6830.0,2,684,31.9,L 1.8,41.0,31.0,3,Fade,5.7,2,0.2,0.0,2,2,0.2,1
227,51.9,52.8,2.6,0.89,61.0,54.3,8390.0,2,621,28.7,L 3.7,37.9,27.0,2,Fade,4.2,1,1.9,0.0,2,1,1.9,1
228,69.8,71.8,0.5,1.09,59.6,65.0,8367.0,2,769,25.5,L 1.1,37.8,34.0,3,Fade,5.3,1,1.0,1.3,1,2,0.2,2
229,106.3,106.5,0.0,1.15,75.3,86.4,10628.0,2,445,25.0,L 1.1,46.7,68.0,4,Straight,2.4,1,1.2,0.2,1,1,1.0,2
230,95.5,96.1,3.6,1.05,75.6,79.7,10265.0,2,642,24.0,L 3.5,43.2,53.0,4,Fade,3.6,1,3.5,3.5,1,1,0.1,1
231,93.9,97.2,15.9,1.08,72.0,77.9,8041.0,1,946,25.0,L 7.1,42.3,52.0,4,Pull Draw,-6.7,1,7.2,6.4,1,1,0.8,1
238,157.5,167.1,5.7,1.36,83.3,113.7,4859.0,1,526,11.2,R 0.8,32.5,50.0,4,Draw,-6.2,2,0.2,6.1,2,1,5.9,1
240,157.1,166.5,10.0,1.34,84.2,112.7,5039.0,2,148,12.3,R 2.8,34.6,55.0,5,Straight,1.7,2,2.3,7.2,2,1,4.9,2
242,156.1,165.7,13.5,1.43,79.6,114.1,4931.0,1,858,10.9,L 0.4,31.9,49.0,4,Hook,-9.9,1,0.9,3.4,2,1,4.3,1
244,132.7,142.3,18.7,1.42,68.5,97.1,4550.0,2,1409,21.2,R 0.9,41.2,67.0,5,Slice,17.2,2,1.3,2.6,1,2,3.8,2
245,146.0,154.5,24.0,1.47,71.6,105.5,5568.0,2,1315,20.5,R 3.0,44.3,80.0,5,Slice,13.3,2,3.4,0.9,1,2,4.3,2
252,145.4,153.7,9.1,1.35,82.6,111.5,5464.0,2,276,8.7,R 2.3,27.6,37.0,4,Straight,2.9,2,2.0,4.7,2,1,2.7,2
253,170.7,180.6,1.1,1.44,82.6,118.8,4904.0,1,466,12.5,R 2.2,36.9,64.0,5,Draw,-5.4,2,1.9,5.6,2,1,3.8,1
254,163.9,173.7,1.0,1.41,82.1,115.8,4901.0,1,480,12.3,R 2.3,35.5,58.0,5,Draw,-5.6,2,2.1,3.8,2,1,1.7,1
256,132.4,140.9,6.5,1.38,75.6,104.5,5054.0,2,247,9.4,R 1.6,25.7,32.0,4,Straight,2.8,2,1.7,0.7,2,2,1.0,2
258,163.8,172.9,8.0,1.42,82.1,116.4,5220.0,2,30,11.7,R 2.6,35.3,57.0,5,Straight,0.3,2,2.4,4.1,2,1,1.7,2
262,167.4,177.2,1.4,1.45,80.8,117.2,4931.0,1,362,12.9,R 1.5,36.9,63.0,5,Draw,-4.2,2,1.1,5.6,2,1,4.6,1
265,176.3,185.8,4.8,1.22,99.4,121.2,5374.0,2,14,20.0,R 1.5,48.0,109.0,6,Straight,0.2,2,1.3,3.0,2,1,1.7,2
266,168.0,176.5,22.8,1.35,89.1,120.2,5827.0,2,1937,14.7,L 1.7,41.7,76.0,5,Slice,18.4,1,1.5,3.8,1,2,2.3,2
267,101.4,113.3,4.7,1.42,64.4,91.6,2404.0,1,188,10.6,R 3.5,17.5,19.0,3,Draw,-4.5,2,3.2,5.5,2,1,2.3,2
268,188.8,201.7,5.4,1.43,85.3,122.2,3788.0,2,362,18.1,L 1.1,43.7,97.0,6,Fade,5.5,1,1.2,0.3,1,1,0.9,2
269,148.4,161.3,12.5,1.3,80.0,104.0,2938.0,2,1101,17.5,L 3.1,34.7,57.0,4,Slice,20.5,1,2.9,4.4,1,2,1.5,2
270,148.6,158.7,21.6,1.21,91.4,110.3,4472.0,2,2202,14.3,L 2.9,34.7,53.0,4,Slice,26.2,1,3.0,2.1,1,1,0.9,2
271,167.3,176.1,30.5,1.34,88.9,118.9,5644.0,2,1932,16.7,R 0.7,43.9,84.0,5,Slice,18.9,2,0.9,1.1,1,2,2.0,2
272,57.0,69.9,1.0,1.19,98.0,116.2,2072.0,2,2129,2.2,L 4.5,3.0,1.0,1,Slice,45.8,1,5.0,0.1,1,1,5.0,2
273,177.9,190.4,7.3,1.34,88.2,118.1,3648.0,2,534,15.2,L 5.9,38.0,73.0,5,Fade,8.3,1,6.1,4.2,1,1,2.0,1
274,163.7,175.0,10.2,1.29,87.3,112.8,4040.0,2,1483,18.5,L 5.6,41.8,79.0,5,Slice,20.2,1,5.9,3.6,1,1,2.3,2
275,168.1,179.7,35.1,1.37,85.0,116.4,4083.0,2,1891,18.4,L 0.0,42.6,83.0,5,Slice,24.8,2,0.3,2.7,1,2,2.9,2
276,146.5,156.6,11.1,1.24,95.2,117.8,4297.0,2,1856,7.0,L 4.7,22.2,28.0,4,Slice,23.4,1,5.0,2.1,1,1,2.9,2
277,168.5,182.1,29.8,1.41,80.8,114.3,2962.0,2,1282,16.4,R 0.1,35.8,66.0,5,Slice,23.4,2,0.4,2.6,1,2,3.0,2
278,170.1,187.9,17.1,1.45,76.2,110.7,1452.0,2,474,16.8,L 0.0,29.1,55.0,4,Slice,18.1,2,0.2,2.0,1,2,2.3,2
279,124.2,142.7,23.8,1.38,71.9,99.6,796.0,2,883,16.7,R 1.1,22.9,33.0,3,Slice,48.0,2,1.5,2.3,1,2,3.8,2
280,173.0,184.9,17.0,1.49,86.7,129.3,3353.0,1,944,5.6,R 0.8,20.3,29.0,4,Hook,-15.7,2,0.6,2.5,2,1,1.9,1
281,182.8,193.0,9.6,1.49,87.4,130.3,4722.0,2,313,6.5,R 1.1,28.9,45.0,5,Fade,3.8,2,1.1,1.0,2,2,0.1,2
282,187.2,199.7,19.6,1.5,86.3,129.4,3528.0,1,932,8.6,R 0.7,28.6,48.0,5,Hook,-14.8,2,0.7,1.1,2,1,0.4,1
283,147.3,162.7,29.5,1.5,86.3,129.2,1783.0,1,1479,6.9,L 0.6,13.8,19.0,3,Hook,-39.7,1,1.0,3.3,2,1,4.4,1
284,172.4,183.8,12.4,1.47,82.5,121.3,3952.0,1,700,9.6,R 0.4,29.7,47.0,4,Hook,-10.1,2,0.1,3.5,2,1,3.4,1
285,167.5,177.4,15.6,1.48,81.0,120.0,4713.0,2,493,9.2,R 2.4,30.8,48.0,5,Fade,6.0,2,2.3,3.9,2,1,1.6,2
286,157.3,168.2,3.4,1.37,82.6,113.3,4031.0,1,58,10.5,R 1.5,29.0,44.0,4,Straight,-0.8,2,1.4,3.1,2,1,1.7,2
287,165.7,175.9,3.2,1.46,81.0,118.5,4564.0,1,63,9.5,R 1.4,30.6,47.0,4,Straight,-0.8,2,0.9,5.9,2,1,4.9,2
288,148.9,157.0,5.0,1.3,84.1,109.0,5786.0,1,283,13.1,L 0.6,35.7,55.0,5,Straight,-2.8,1,1.2,4.8,2,1,6.0,1
292,158.8,167.3,3.3,1.35,83.4,112.5,5686.0,1,236,15.9,R 0.0,41.2,73.0,5,Straight,-2.4,2,0.0,0.2,1,2,0.2,1
294,149.2,157.5,3.8,1.3,82.8,107.7,5594.0,1,268,15.2,R 2.6,38.4,62.0,5,Straight,-2.7,2,2.6,2.8,2,1,0.3,2
295,149.9,158.0,14.1,1.36,79.7,108.0,5815.0,2,364,16.6,R 3.5,40.6,69.0,5,Fade,3.6,2,3.5,3.5,2,2,0.1,2
296,158.6,168.1,12.4,1.39,80.6,112.5,5071.0,1,712,14.5,L 0.7,37.9,64.0,5,Draw,-8.0,1,1.1,2.6,2,1,3.7,1
297,130.6,141.2,4.6,1.28,75.5,96.9,3833.0,1,352,16.0,L 0.1,32.3,46.0,4,Draw,-5.2,1,0.4,2.9,2,1,3.3,1
298,134.8,139.9,2.4,1.31,77.5,101.3,7682.0,1,687,20.8,R 1.5,45.2,77.0,5,Draw,-5.1,2,1.1,4.7,2,1,3.5,1
299,136.8,141.9,0.5,1.31,77.8,102.3,7664.0,1,427,21.4,R 1.4,46.4,82.0,5,Draw,-3.2,2,1.1,3.9,2,1,2.8,1
300,129.8,134.8,0.6,1.28,76.8,98.0,7590.0,1,14,22.2,R 0.3,45.7,77.0,5,Straight,-0.1,2,0.0,3.2,2,1,3.2,2
301,125.0,129.9,1.5,1.25,76.1,95.4,7586.0,1,15,20.9,R 0.7,43.5,68.0,5,Straight,-0.1,2,0.5,2.5,2,1,2.0,2
302,138.7,143.4,0.4,1.36,76.1,103.6,7970.0,1,310,20.0,R 1.0,45.4,79.0,5,Straight,-2.2,2,0.8,2.4,2,1,1.5,1
303,139.1,144.5,16.8,1.37,75.8,103.7,7515.0,1,1141,19.9,L 2.7,45.0,78.0,5,Draw,-8.6,1,3.1,1.6,2,1,4.7,1
304,132.3,136.9,1.1,1.27,78.5,99.9,7998.0,1,43,20.7,R 0.6,45.0,75.0,5,Straight,-0.3,2,0.3,3.1,2,1,2.8,2
306,143.2,148.7,10.4,1.36,77.6,105.9,7454.0,1,758,20.7,L 1.2,46.5,85.0,5,Draw,-5.8,1,1.8,3.8,2,1,5.6,1
307,129.7,135.8,1.5,1.29,75.3,97.3,6809.0,1,253,22.2,R 0.4,44.9,75.0,5,Straight,-2.1,2,0.1,2.2,2,1,2.1,1
308,121.3,126.7,3.4,1.19,78.8,93.7,7231.0,2,56,18.5,L 1.8,39.4,56.0,4,Straight,0.4,1,2.2,2.0,2,1,4.2,1
309,123.0,128.5,11.9,1.27,73.9,93.8,7101.0,2,534,23.4,R 3.6,45.3,73.0,5,Fade,4.3,2,3.5,4.3,2,1,0.8,2
310,137.2,146.3,1.1,1.27,77.6,98.7,4955.0,2,283,21.9,L 1.9,43.4,75.0,5,Fade,3.3,2,0.7,1.3,1,2,2.0,1
311,137.1,141.6,17.8,1.3,80.0,103.6,8187.0,2,1669,20.5,R 1.7,46.0,80.0,5,Slice,11.5,2,2.2,2.2,1,2,4.4,2
312,119.4,126.1,1.4,1.19,80.2,95.7,6236.0,2,451,12.9,L 1.0,30.4,37.0,4,Fade,4.1,1,1.6,4.4,2,1,6.0,2
313,133.2,138.3,0.4,1.22,81.8,100.0,7650.0,1,160,21.5,R 0.4,45.8,78.0,5,Straight,-1.2,2,0.2,2.3,2,1,2.1,1
314,140.6,146.0,2.0,1.27,82.0,104.3,7579.0,1,407,20.0,R 0.7,45.5,80.0,5,Draw,-3.1,2,0.4,4.1,2,1,3.7,1
315,134.7,139.9,2.4,1.29,78.1,100.9,7614.0,1,319,21.5,R 2.1,46.0,80.0,5,Straight,-2.4,2,1.8,5.3,2,1,3.6,2
316,120.5,124.5,2.4,1.2,77.9,93.3,8217.0,1,66,22.7,R 1.4,45.1,70.0,5,Straight,-0.5,2,1.4,1.5,2,1,0.2,2
317,123.1,129.2,2.0,1.24,75.3,93.5,6678.0,1,501,23.2,R 0.9,44.5,71.0,5,Draw,-4.3,2,0.7,3.3,2,1,2.6,1
318,130.2,135.9,4.0,1.31,74.6,97.9,7150.0,1,699,22.5,R 0.8,45.8,77.0,5,Draw,-5.6,2,0.4,4.8,2,1,4.4,1
319,136.9,142.1,3.8,1.34,76.3,102.2,7629.0,1,185,21.8,R 2.2,46.7,84.0,5,Straight,-1.4,2,1.9,4.9,2,1,3.0,2
321,133.2,138.0,6.9,1.29,78.2,100.6,7838.0,1,972,20.1,R 0.5,44.4,73.0,5,Draw,-7.1,2,0.1,3.8,2,1,3.7,1
322,129.1,133.4,10.0,1.29,76.0,98.0,8073.0,2,372,22.1,R 3.2,46.1,77.0,5,Straight,2.6,2,3.2,2.9,2,2,0.3,2
323,133.1,138.2,0.8,1.26,79.3,100.1,7637.0,1,418,21.9,R 1.2,46.1,80.0,5,Draw,-3.1,2,0.9,4.0,2,1,3.1,1
324,140.2,145.3,14.3,1.34,78.0,104.5,7756.0,1,811,18.3,L 2.8,43.7,73.0,5,Draw,-6.0,1,3.2,1.0,2,1,4.2,1
325,131.1,135.7,7.2,1.23,80.9,99.9,8024.0,2,234,17.3,R 2.3,40.8,62.0,5,Straight,1.7,2,2.0,5.3,2,1,3.3,2
326,124.6,130.0,6.3,1.21,78.2,94.7,7186.0,2,225,23.1,R 2.1,45.3,74.0,5,Straight,1.8,2,1.9,3.4,2,1,1.4,2
327,129.8,137.0,7.5,1.27,75.8,96.7,6091.0,1,794,21.0,L 0.0,42.6,68.0,5,Draw,-7.4,1,0.6,5.2,2,1,5.8,1
328,131.4,136.4,2.1,1.23,80.8,99.3,7697.0,1,252,18.4,R 1.7,41.9,65.0,5,Straight,-1.9,2,1.3,5.6,2,1,4.3,2
329,139.4,144.6,6.4,1.3,79.7,103.8,7631.0,1,851,20.8,R 0.6,46.0,82.0,5,Draw,-6.4,2,0.2,4.2,2,1,4.0,1
330,138.1,144.2,8.8,1.28,80.0,102.5,7012.0,1,940,20.0,R 0.1,44.3,76.0,5,Draw,-7.6,1,0.5,5.0,2,1,5.5,1
331,122.9,128.2,4.0,1.16,81.9,94.9,7382.0,1,212,17.8,L 1.1,38.8,55.0,4,Straight,-1.6,1,1.6,3.3,2,1,4.9,1
332,71.9,80.0,24.6,1.1,81.0,89.0,4538.0,2,3112,6.8,R 10.7,11.7,8.0,2,Push Slice,34.4,2,11.4,4.6,2,2,6.8,2
333,127.1,132.3,2.4,1.27,75.8,96.6,7420.0,1,582,20.8,R 1.0,43.4,69.0,5,Draw,-4.5,2,0.6,4.6,2,1,4.1,1
335,145.3,152.0,1.2,1.37,77.1,106.0,6686.0,2,627,19.6,L 2.2,44.7,80.0,5,Fade,5.4,1,2.2,2.1,1,1,0.0,2
336,139.8,148.8,9.1,1.35,74.5,100.6,5076.0,2,357,20.7,R 1.9,42.4,73.0,5,Fade,4.0,2,1.9,2.1,2,1,0.2,2
337,142.9,151.2,1.8,1.29,79.9,103.1,5648.0,2,396,21.6,L 2.6,45.2,82.0,5,Fade,4.0,2,0.2,2.7,1,2,2.9,1
338,154.4,162.7,11.4,1.35,81.2,109.8,5791.0,1,302,18.2,L 2.6,43.4,80.0,5,Straight,-3.0,1,2.6,0.0,2,1,2.7,1
339,152.2,159.3,7.3,1.33,82.8,109.7,6564.0,2,478,18.9,R 0.7,45.0,84.0,5,Fade,4.2,1,1.0,1.0,2,1,2.1,2
340,144.3,151.8,6.1,1.27,82.3,104.7,6212.0,1,140,18.8,L 1.7,43.0,74.0,5,Straight,-1.3,1,0.1,1.3,2,1,1.4,1
341,151.3,159.3,1.5,1.34,80.8,108.2,5965.0,2,213,19.5,L 1.5,44.6,83.0,5,Straight,2.0,2,0.1,0.4,2,1,0.3,1
342,157.5,167.5,31.3,1.39,79.6,110.4,4730.0,1,1154,17.7,L 4.7,41.3,74.0,5,Hook,-13.7,1,6.1,1.4,2,1,7.5,1
343,140.8,149.4,0.8,1.32,77.3,101.6,5351.0,2,199,19.9,L 0.6,42.1,72.0,5,Straight,2.1,1,0.1,0.5,1,2,0.4,2
344,98.6,112.2,24.7,1.29,67.8,87.2,1526.0,1,1423,16.4,L 4.0,23.5,27.0,3,Hook,-43.0,1,0.4,3.3,2,1,3.7,1
345,63.4,77.3,18.3,1.08,80.5,86.9,786.0,2,88,8.5,R 13.2,9.7,7.0,1,Push Fade,6.4,2,14.6,0.9,2,2,13.6,2
346,136.8,144.0,9.3,1.3,77.6,100.7,6149.0,2,1125,21.5,L 0.9,44.6,77.0,5,Slice,10.4,2,0.9,3.1,1,2,4.0,2
347,154.0,162.8,14.3,1.36,79.9,108.9,5486.0,1,228,21.0,L 4.0,45.8,90.0,5,Straight,-2.4,1,3.6,0.4,1,1,3.2,1
348,140.1,148.1,1.5,1.3,78.3,101.9,5750.0,2,791,21.8,L 3.0,45.0,80.0,5,Fade,7.8,2,0.3,2.2,1,2,2.5,2
349,145.7,153.0,1.2,1.33,79.4,105.7,6333.0,2,620,21.2,L 2.3,46.2,86.0,5,Fade,5.6,1,2.3,1.6,1,1,0.8,2
350,142.1,149.3,5.3,1.33,78.0,103.8,6280.0,2,870,21.5,L 1.7,45.8,83.0,5,Fade,7.9,1,1.6,2.6,1,2,1.0,2
353,154.8,162.1,3.5,1.33,84.4,111.9,6446.0,2,175,14.4,R 0.5,40.0,67.0,5,Straight,1.6,2,0.5,0.7,2,1,0.2,2
357,159.2,166.6,9.9,1.38,83.0,114.3,6546.0,2,488,14.8,R 1.4,41.4,72.0,5,Fade,4.3,2,1.3,2.0,2,1,0.7,2
359,107.5,116.2,15.7,1.13,81.7,92.7,4511.0,1,1280,11.3,L 2.9,23.3,25.0,3,Hook,-15.8,1,3.4,1.3,2,1,4.7,1
360,149.0,156.6,6.7,1.45,74.5,108.1,6193.0,2,111,15.7,R 2.0,40.0,66.0,5,Straight,1.0,2,2.1,1.6,2,2,0.5,2
361,152.2,160.9,2.9,1.37,79.8,109.2,5417.0,1,242,14.5,R 0.2,37.7,61.0,5,Straight,-2.6,2,0.2,0.1,1,2,0.3,1
362,107.3,117.7,5.1,1.19,76.7,91.3,3445.0,1,21,11.7,L 2.5,21.9,24.0,3,Straight,-0.3,1,2.7,0.2,1,1,2.5,1
365,135.5,141.7,17.3,1.33,76.1,101.0,6874.0,1,493,24.6,L 5.2,48.6,91.0,5,Draw,-4.1,1,6.9,1.6,1,1,5.2,1
366,142.1,147.7,14.9,1.34,78.9,105.4,7310.0,1,545,24.0,L 3.8,49.5,98.0,6,Draw,-4.3,1,3.6,0.4,2,1,4.0,1
367,167.3,175.6,0.6,1.47,80.2,117.7,6040.0,1,207,15.3,R 0.8,42.6,80.0,5,Straight,-2.0,2,0.7,2.0,2,1,1.4,1
371,134.9,145.8,31.5,1.35,71.2,95.8,3780.0,1,864,25.5,L 7.5,44.9,81.0,5,Pull Hook,-12.9,1,8.5,2.6,1,1,5.9,1
372,161.6,169.4,10.0,1.42,81.1,115.3,6325.0,2,441,15.3,R 1.5,42.1,76.0,5,Fade,4.0,2,1.4,2.3,2,1,0.9,2
374,163.2,170.9,5.1,1.39,83.5,116.1,6352.0,1,21,15.7,R 1.8,42.9,79.0,5,Straight,-0.2,2,1.6,3.5,2,1,1.9,2
375,159.0,167.5,1.1,1.34,84.6,113.7,5667.0,1,17,13.3,L 0.4,37.6,62.0,5,Straight,-0.2,1,0.7,2.3,2,1,3.0,1
376,140.5,147.3,23.9,1.35,76.6,103.7,6549.0,1,1368,20.8,L 3.9,44.9,79.0,5,Hook,-11.8,1,7.2,3.5,2,1,10.7,1
377,119.4,123.6,11.5,1.21,76.8,92.6,7943.0,2,1439,24.7,R 0.9,46.9,76.0,5,Slice,10.3,2,0.4,0.7,1,2,1.1,2
383,151.3,160.7,0.3,1.33,81.1,107.9,5009.0,2,680,15.8,L 3.6,38.3,64.0,5,Fade,7.7,1,3.4,5.1,1,2,1.7,1
386,150.3,157.4,10.2,1.35,81.0,109.5,6572.0,1,659,16.0,L 1.0,41.0,69.0,5,Draw,-5.7,1,2.2,2.9,2,1,5.1,1
387,148.2,154.8,1.1,1.33,81.8,108.6,6947.0,2,283,15.7,L 0.8,41.0,68.0,5,Straight,2.3,1,1.7,2.4,2,1,4.2,2
388,148.5,155.5,4.4,1.34,80.7,108.1,6635.0,1,33,16.8,L 1.5,42.0,72.0,5,Straight,-0.3,1,3.6,1.9,2,1,5.4,1
389,144.9,150.5,8.1,1.31,82.2,107.4,7471.0,2,649,16.8,R 0.7,42.3,71.0,5,Fade,5.0,2,0.5,2.0,2,1,1.5,2
390,144.1,150.4,6.5,1.32,80.1,106.1,7033.0,2,675,17.6,L 0.2,42.6,72.0,5,Fade,5.5,2,1.0,1.3,2,1,0.3,2
391,140.8,146.6,2.0,1.27,82.3,104.5,7328.0,2,139,17.1,R 0.4,41.6,68.0,5,Straight,1.1,2,0.2,3.4,2,1,3.1,2
392,148.0,154.7,4.1,1.35,79.6,107.6,6762.0,1,401,18.2,R 0.1,43.6,77.0,5,Draw,-3.4,1,0.8,3.7,2,1,4.5,1
393,135.3,142.0,7.0,1.35,74.8,101.1,6566.0,1,276,17.1,L 1.9,39.6,61.0,5,Straight,-2.4,1,0.5,1.6,2,1,2.1,1
394,139.6,145.4,6.8,1.3,79.4,103.5,7311.0,2,375,19.1,R 1.4,43.7,74.0,5,Straight,2.9,2,1.6,2.5,2,1,0.8,2
395,143.8,150.1,5.5,1.31,80.9,105.8,7058.0,2,129,17.3,R 1.7,42.3,71.0,5,Straight,1.0,2,1.7,3.0,2,1,1.3,2
396,143.3,148.9,10.5,1.32,80.3,105.9,7457.0,2,746,19.2,R 1.3,44.9,79.0,5,Fade,5.7,2,2.9,1.3,2,2,1.6,2
397,70.0,77.9,7.0,1.31,59.7,78.1,4244.0,2,621,9.7,L 7.0,15.4,11.0,2,Fade,8.3,1,5.3,2.8,1,1,2.5,1
398,55.2,68.6,21.8,1.16,62.3,72.6,153.0,1,1842,16.3,L 10.9,19.1,12.0,1,Pull Hook,-85.2,1,11.6,3.9,1,1,7.8,1
399,123.9,132.4,7.8,1.18,80.2,94.5,5040.0,1,251,16.5,L 2.4,34.2,47.0,4,Straight,-2.9,1,3.1,1.7,2,1,4.8,1
400,121.3,128.1,0.1,1.18,80.4,94.7,6157.0,2,148,15.1,L 0.5,33.5,44.0,4,Straight,1.4,1,2.6,1.9,2,1,4.4,2
401,142.1,148.5,2.6,1.31,79.6,104.6,6855.0,1,131,18.0,R 1.5,42.5,71.0,5,Straight,-1.1,2,0.4,3.6,2,1,3.2,2
402,148.0,154.6,13.5,1.36,79.9,108.6,6829.0,1,487,15.1,L 3.2,40.0,65.0,5,Draw,-4.1,1,4.2,1.9,2,1,6.1,1
403,139.4,146.1,7.7,1.33,77.8,103.3,6598.0,1,368,16.9,L 1.6,40.1,64.0,5,Draw,-3.2,1,1.7,3.5,2,1,5.2,1
404,152.3,158.7,11.1,1.36,81.8,111.1,7055.0,1,482,15.8,L 2.1,42.1,73.0,5,Draw,-3.9,1,2.0,2.2,2,1,4.2,1
405,145.3,151.5,2.2,1.35,79.5,107.1,7143.0,2,335,16.3,L 2.2,41.3,68.0,5,Straight,2.7,1,2.1,0.1,1,1,2.1,1
406,113.7,121.2,9.7,1.25,81.1,101.5,5553.0,2,1126,6.9,R 0.9,18.9,19.0,3,Slice,11.5,2,4.1,3.6,2,2,0.6,2
407,142.4,149.5,0.8,1.32,79.1,104.3,6381.0,1,29,17.4,L 0.3,41.1,68.0,5,Straight,-0.3,1,0.3,2.3,2,1,2.6,1
408,149.2,155.3,3.7,1.34,81.3,109.1,7243.0,2,19,18.5,R 1.4,45.0,82.0,5,Straight,0.2,2,2.7,3.8,2,1,1.1,2
409,149.0,155.2,1.4,1.34,81.2,109.0,7196.0,1,131,17.5,R 0.1,43.6,77.0,5,Straight,-1.0,2,0.6,2.9,2,1,2.4,1
410,136.7,142.6,0.4,1.3,79.5,103.5,7216.0,1,17,14.5,L 0.2,37.3,55.0,4,Straight,-0.1,2,1.4,2.4,2,1,1.1,1
411,147.7,155.0,3.6,1.34,79.7,106.7,6372.0,2,222,19.3,R 0.5,44.4,80.0,5,Straight,2.0,2,1.3,1.9,2,1,0.5,2
412,134.8,140.6,4.7,1.32,77.0,101.2,7214.0,2,402,17.3,R 0.6,40.6,63.0,5,Fade,3.2,2,1.4,2.0,2,1,0.6,2
413,134.3,140.2,0.1,1.31,77.1,101.2,7155.0,2,102,16.1,L 0.4,38.9,58.0,4,Straight,0.8,1,0.3,1.3,2,1,1.7,2
414,143.8,150.9,19.3,1.31,81.1,106.4,6371.0,1,767,14.5,L 4.4,37.7,58.0,5,Draw,-6.9,1,3.4,2.6,2,1,6.0,1
415,131.2,137.0,13.8,1.25,78.9,98.7,7091.0,2,930,19.1,R 2.5,41.9,65.0,5,Fade,7.5,2,2.8,0.4,2,2,2.3,2
416,136.9,144.8,16.2,1.31,77.8,102.0,5716.0,1,925,15.9,L 2.6,37.2,56.0,4,Hook,-9.2,1,3.7,3.3,2,1,7.0,1
417,120.9,127.9,0.1,1.36,68.6,93.2,6029.0,2,11,17.3,L 0.1,36.4,49.0,4,Straight,0.1,2,1.8,3.7,2,1,1.8,2
418,111.8,119.1,2.6,1.2,74.1,89.2,5641.0,1,38,16.7,L 1.2,33.0,41.0,4,Straight,-0.4,2,0.4,1.3,2,1,0.9,1
419,137.0,142.9,5.0,1.28,80.0,102.4,7186.0,2,280,17.3,R 1.1,41.0,65.0,5,Straight,2.2,2,1.4,3.3,2,1,2.0,2
420,100.4,106.9,16.1,1.2,73.6,88.6,6104.0,1,1318,11.9,L 4.9,24.7,25.0,3,Hook,-12.2,1,7.2,0.8,2,1,8.1,1
421,141.8,148.0,3.1,1.32,79.3,104.9,7073.0,1,24,16.9,L 1.2,41.4,67.0,5,Straight,-0.2,1,1.2,0.9,2,1,2.1,1
422,129.9,136.2,0.5,1.28,77.3,99.0,6718.0,2,318,15.4,L 1.0,36.6,52.0,4,Straight,2.7,2,0.6,1.5,2,1,0.9,2
423,132.6,139.0,7.0,1.33,75.2,99.8,6737.0,2,622,17.0,R 0.7,39.1,59.0,4,Fade,5.3,2,0.2,1.0,2,1,0.7,2
424,140.4,145.9,3.2,1.29,80.9,104.4,7517.0,2,238,17.8,R 0.4,42.7,71.0,5,Straight,1.8,2,2.4,1.4,2,2,1.0,2
425,148.6,155.7,1.9,1.34,80.3,107.9,6527.0,1,5,17.2,L 0.7,42.2,73.0,5,Straight,0.0,2,0.3,1.6,2,1,1.3,1
426,142.1,147.8,7.2,1.3,80.8,105.2,7406.0,2,571,18.0,R 0.7,43.2,73.0,5,Fade,4.4,2,2.8,1.3,2,2,1.5,2
427,137.4,143.0,0.9,1.28,80.7,103.4,7416.0,2,218,15.4,L 0.4,38.9,59.0,5,Straight,1.7,2,0.1,3.4,2,1,3.3,2
428,138.0,143.4,0.3,1.3,79.6,103.2,7527.0,2,256,17.3,L 1.1,41.5,66.0,5,Straight,1.9,1,1.3,0.0,1,1,1.2,1
429,141.3,148.1,9.6,1.31,79.6,104.4,6639.0,1,440,16.4,L 2.0,40.0,63.0,5,Draw,-3.8,1,2.1,1.7,2,1,3.8,1
430,140.0,146.1,0.2,1.31,79.4,103.7,7075.0,2,115,17.7,L 0.6,41.9,68.0,5,Straight,0.9,1,0.9,0.4,2,1,1.4,1
431,142.2,149.0,15.1,1.34,78.4,105.4,6582.0,1,778,15.0,L 2.9,38.5,59.0,5,Draw,-6.7,1,4.1,2.3,2,1,6.4,1
432,141.2,147.9,0.3,1.32,78.5,103.5,6649.0,2,173,19.4,L 0.8,43.7,75.0,5,Straight,1.5,1,0.9,0.9,2,1,1.8,1
433,141.2,147.3,3.8,1.29,81.0,104.6,7120.0,2,399,17.1,R 0.0,41.5,68.0,5,Fade,3.2,2,0.1,3.8,2,1,3.7,2
434,137.6,142.8,4.3,1.28,80.6,103.0,7652.0,2,493,17.9,R 0.1,42.4,69.0,5,Fade,3.7,2,1.7,1.9,2,1,0.3,2
435,140.3,145.9,2.4,1.29,81.1,104.7,7410.0,2,430,15.8,L 0.7,40.2,63.0,5,Fade,3.3,1,1.5,2.5,2,1,4.1,2
436,136.5,140.9,7.4,1.28,80.2,102.8,8246.0,2,617,18.8,R 1.1,43.8,73.0,5,Fade,4.3,2,1.2,1.5,2,1,0.3,2
437,146.5,152.6,3.2,1.33,80.6,107.2,7159.0,2,132,18.3,R 0.7,44.1,78.0,5,Straight,1.1,2,1.1,1.8,2,1,0.7,2
438,141.1,146.7,3.8,1.3,81.3,105.5,7470.0,2,194,15.5,R 0.9,39.8,62.0,5,Straight,1.5,2,1.2,3.9,2,1,2.7,2
439,145.1,151.1,17.2,1.31,81.6,106.7,7250.0,2,748,18.8,R 3.7,44.4,79.0,5,Fade,5.9,2,4.1,3.7,2,2,0.4,2
440,141.4,148.1,4.4,1.27,81.6,103.9,6636.0,2,279,18.3,R 0.7,42.4,71.0,5,Straight,2.4,1,0.2,1.7,2,1,1.9,2
441,134.8,140.6,6.0,1.28,79.6,102.1,7229.0,2,73,14.8,L 2.7,37.5,54.0,4,Straight,0.6,1,3.3,1.5,2,1,4.8,1
442,135.3,141.1,11.7,1.25,81.0,101.4,7148.0,2,945,17.6,R 1.5,41.0,64.0,5,Fade,7.5,2,3.2,2.9,2,2,0.4,2
443,143.5,150.0,0.7,1.29,81.5,105.3,6843.0,2,22,18.2,R 0.3,42.8,73.0,5,Straight,0.2,2,1.2,2.3,2,1,1.1,2
444,149.0,155.5,12.2,1.37,79.6,109.3,6948.0,1,439,15.4,L 2.9,40.7,68.0,5,Draw,-3.6,1,5.9,1.8,2,1,7.7,1
445,142.2,148.9,5.6,1.28,81.6,104.6,6669.0,1,222,17.6,L 1.4,41.6,69.0,5,Straight,-1.9,1,1.6,0.6,2,1,2.2,1
446,145.6,151.9,10.3,1.33,80.6,106.9,7053.0,2,854,18.5,R 0.7,44.0,77.0,5,Fade,6.9,2,3.1,1.3,2,2,1.8,2
447,136.2,142.9,3.2,1.26,80.3,101.2,6611.0,1,20,17.3,L 1.2,40.2,62.0,5,Straight,-0.2,1,2.1,1.4,2,1,3.4,1
448,129.7,134.9,10.4,1.25,79.6,99.5,7570.0,2,1181,16.1,R 0.7,38.5,55.0,4,Fade,8.9,2,2.0,1.4,2,2,0.6,2
449,122.7,129.5,10.6,1.17,80.6,94.1,6201.0,2,967,18.3,R 1.2,38.0,54.0,4,Fade,8.9,2,3.1,0.8,2,2,2.3,2
450,131.0,137.5,4.2,1.24,79.9,99.0,6673.0,2,9,16.8,L 1.8,38.4,57.0,4,Straight,0.1,1,3.3,0.3,2,1,3.6,1
451,142.3,148.4,10.8,1.29,80.9,104.7,7102.0,2,624,19.1,R 1.8,44.2,76.0,5,Fade,5.0,2,2.4,2.3,2,2,0.1,2
452,119.0,126.6,6.9,1.12,81.7,91.4,5536.0,2,711,18.8,R 0.4,37.1,51.0,4,Fade,7.3,1,0.7,1.6,2,1,2.3,2
453,131.5,137.7,10.0,1.21,81.2,98.5,6831.0,2,897,20.1,R 0.9,42.9,69.0,5,Fade,7.5,2,2.9,0.7,2,2,2.2,2
454,133.2,137.7,14.6,1.25,81.2,101.4,8171.0,2,1319,17.4,R 2.0,41.5,64.0,5,Slice,9.2,2,3.1,2.0,2,2,1.1,2
455,148.8,155.6,12.1,1.33,81.0,108.1,6730.0,1,334,17.5,L 3.2,43.0,74.0,5,Straight,-2.8,1,4.2,0.6,2,1,4.8,1
456,142.2,147.8,4.5,1.3,81.0,105.5,7465.0,2,372,17.0,R 0.4,42.0,69.0,5,Straight,2.9,2,1.6,2.5,2,1,0.9,2
457,142.8,150.3,7.6,1.29,80.7,104.2,6107.0,1,216,17.0,L 2.0,40.1,65.0,5,Straight,-2.0,1,3.2,0.8,2,1,4.0,1
458,139.8,146.8,9.7,1.27,80.8,102.7,6344.0,2,688,20.1,R 1.0,43.7,75.0,5,Fade,6.2,2,2.2,1.0,2,2,1.2,2
459,143.7,151.4,1.6,1.29,80.8,104.3,6021.0,2,28,18.5,R 0.5,42.1,72.0,5,Straight,0.3,1,0.6,1.2,2,1,1.9,2
460,146.6,153.0,2.4,1.33,80.6,107.4,7002.0,2,288,17.0,L 0.3,42.3,72.0,5,Straight,2.4,1,1.4,1.3,2,1,2.7,2
461,137.1,143.4,13.1,1.26,81.1,102.6,6859.0,2,938,16.6,R 1.9,39.8,62.0,5,Fade,7.8,1,1.3,0.2,2,1,1.5,2
462,161.5,169.6,9.4,1.39,83.1,115.2,6040.0,1,828,14.9,R 0.6,41.0,72.0,5,Draw,-7.8,2,0.2,4.6,2,1,4.4,1
463,160.9,168.9,1.4,1.4,81.7,114.1,6127.0,1,273,17.7,R 0.8,44.4,85.0,5,Straight,-2.6,2,0.5,4.0,2,1,3.5,1
464,169.1,178.0,4.2,1.48,79.6,117.7,5697.0,1,615,18.9,R 1.9,46.3,97.0,6,Draw,-6.2,2,1.6,4.4,2,1,2.8,1
466,150.6,159.1,20.1,1.35,81.9,110.1,5494.0,1,1164,13.3,L 2.1,35.7,55.0,5,Hook,-12.0,1,2.5,1.9,2,1,4.4,1
467,157.1,165.2,14.5,1.37,82.7,113.1,5972.0,1,1031,14.9,L 0.5,40.0,68.0,5,Hook,-9.8,1,0.8,2.7,2,1,3.5,1
468,159.0,167.4,9.1,1.42,80.4,114.1,5671.0,1,711,13.3,R 0.2,37.7,62.0,5,Draw,-7.1,1,0.3,4.5,2,1,4.8,1
469,151.3,159.8,5.2,1.37,80.2,109.8,5516.0,1,362,13.3,L 0.2,35.7,56.0,5,Draw,-3.8,1,0.4,1.2,2,1,1.6,1
471,154.7,162.8,0.8,1.41,78.4,110.1,5964.0,1,238,17.9,R 0.9,43.3,79.0,5,Straight,-2.3,2,0.7,2.9,2,1,2.3,1
472,155.9,163.6,3.3,1.41,79.5,112.1,6233.0,1,509,15.9,R 1.1,41.6,73.0,5,Draw,-4.7,2,0.9,2.8,2,1,1.9,1
475,155.6,163.5,3.2,1.37,81.2,111.3,6139.0,1,360,16.5,R 0.5,42.2,75.0,5,Draw,-3.4,2,0.4,2.3,2,1,1.9,1
476,149.3,156.8,2.3,1.33,82.5,109.9,6157.0,2,85,12.5,L 1.3,35.5,54.0,5,Straight,0.8,1,1.3,1.2,1,1,0.1,1
477,134.8,141.4,15.1,1.29,80.7,103.7,6599.0,2,1056,12.6,R 2.4,33.5,46.0,4,Slice,9.1,2,2.5,0.9,2,2,1.7,2
478,153.4,160.7,6.7,1.34,83.2,111.7,6460.0,2,456,13.9,R 0.6,38.9,64.0,5,Fade,4.0,2,0.7,0.5,1,2,1.2,2
479,151.2,158.0,8.5,1.35,82.0,110.6,6749.0,2,369,14.3,R 1.7,39.5,64.0,5,Fade,3.1,2,1.8,0.6,2,2,1.1,2
480,141.3,148.9,1.6,1.31,82.3,107.7,5951.0,2,319,10.6,L 2.0,30.8,42.0,4,Fade,3.1,1,2.1,0.3,1,1,1.9,1
481,132.0,139.9,2.7,1.27,82.5,104.6,5617.0,2,411,9.6,L 0.6,26.6,33.0,4,Fade,4.2,1,0.8,1.1,2,1,1.8,2
482,156.7,164.8,12.9,1.36,82.5,112.4,5922.0,2,572,14.4,R 2.0,39.3,66.0,5,Fade,5.5,2,2.1,1.2,2,2,0.9,2
483,159.9,168.0,3.5,1.39,83.3,115.4,5951.0,1,240,12.2,L 0.2,36.7,60.0,5,Straight,-2.3,1,0.3,0.5,2,1,0.7,1
484,147.1,156.3,5.0,1.34,79.5,106.7,4945.0,1,296,13.7,L 0.4,34.5,53.0,4,Draw,-3.4,1,0.6,1.4,2,1,2.0,1
485,146.2,153.6,14.8,1.42,75.8,107.2,6243.0,2,688,15.2,R 2.7,38.8,62.0,5,Fade,6.3,2,2.9,1.0,2,2,2.0,2
486,140.6,145.7,6.5,1.3,80.8,105.2,7682.0,2,864,23.7,L 0.6,49.5,97.0,5,Fade,6.4,1,1.1,1.2,1,2,0.1,2
487,129.0,133.4,14.5,1.28,77.9,99.4,7833.0,2,1483,27.0,R 1.3,50.9,97.0,5,Slice,10.7,2,2.7,3.2,1,2,5.9,2
488,121.6,128.3,23.0,1.31,70.8,92.7,6102.0,2,1614,26.8,R 4.3,47.7,81.0,5,Slice,14.8,2,4.8,0.2,1,2,5.0,2
489,136.1,142.5,1.5,1.28,78.9,101.3,6670.0,2,249,25.7,L 0.5,49.6,96.0,5,Straight,2.1,1,1.8,0.4,1,1,1.3,2
490,128.4,134.0,2.1,1.22,79.8,97.5,7110.0,2,358,26.2,L 0.5,49.2,91.0,5,Straight,2.9,2,0.8,0.6,2,2,0.2,2
492,135.7,147.6,38.6,1.35,71.6,96.8,3237.0,1,1443,23.6,L 6.4,41.7,71.0,5,Hook,-24.0,1,9.3,0.8,2,1,10.2,1
493,122.6,125.6,13.7,1.23,77.7,95.6,8874.0,2,1676,24.6,R 1.5,48.1,81.0,5,Slice,10.7,2,2.3,0.1,1,2,2.4,2
494,125.0,128.1,15.8,1.24,77.9,97.0,8914.0,2,1664,23.5,R 2.3,47.4,80.0,5,Slice,10.6,2,2.5,0.4,2,2,2.1,2
495,141.5,147.6,2.5,1.32,79.7,104.8,6945.0,2,38,25.2,L 1.2,50.2,102.0,6,Straight,0.3,1,2.2,1.0,2,1,3.1,1
496,132.6,137.6,21.0,1.28,79.0,100.9,7525.0,2,1107,26.4,R 4.8,50.5,98.0,5,Fade,8.4,2,7.1,2.4,2,2,4.6,2
497,137.6,142.6,4.0,1.31,79.1,103.6,7574.0,2,351,25.7,R 0.4,50.8,102.0,6,Straight,2.7,1,0.2,0.4,2,1,0.5,2
498,127.9,131.1,13.1,1.24,79.5,98.6,8831.0,2,1298,23.9,R 1.9,48.5,85.0,5,Fade,8.4,2,2.1,0.8,2,2,1.3,2
499,133.0,137.4,4.6,1.25,80.8,100.9,8077.0,2,625,24.4,L 0.3,49.1,92.0,5,Fade,4.4,1,2.9,0.7,2,1,3.6,2
500,141.5,147.1,1.6,1.29,81.7,105.3,7451.0,2,290,16.5,L 0.4,41.3,66.0,5,Straight,2.2,1,1.8,1.2,2,1,3.0,2
501,147.7,154.4,8.1,1.33,81.0,107.8,6863.0,1,127,17.7,L 2.5,43.2,75.0,5,Straight,-1.1,1,4.5,0.1,1,1,4.5,1
502,143.3,148.7,1.6,1.32,80.8,106.3,7637.0,2,339,16.7,L 0.7,42.1,69.0,5,Straight,2.5,1,0.3,1.4,2,1,1.7,2
503,148.1,154.3,8.6,1.34,81.2,108.6,7092.0,1,201,16.4,L 2.4,42.1,71.0,5,Straight,-1.6,1,4.3,1.8,2,1,6.1,1
504,146.4,152.5,4.1,1.31,82.0,107.4,7181.0,1,67,17.6,L 1.4,43.2,74.0,5,Straight,-0.5,1,3.2,0.1,1,1,3.1,1
505,146.3,152.4,7.9,1.32,81.4,107.3,7165.0,2,374,20.1,R 1.6,46.0,85.0,5,Straight,3.0,2,0.5,2.1,2,1,1.6,2
506,148.9,154.9,7.4,1.37,79.3,109.0,7345.0,2,529,18.5,R 0.7,45.0,82.0,5,Fade,4.1,1,1.2,1.1,2,1,2.2,2
507,145.3,152.0,6.5,1.32,80.5,106.6,6739.0,1,164,16.4,L 1.8,40.8,67.0,5,Straight,-1.4,1,1.1,1.2,2,1,2.3,1
508,129.8,135.9,0.9,1.26,78.4,99.0,6888.0,2,350,15.6,L 1.7,36.9,52.0,4,Straight,2.9,1,2.0,1.7,2,1,3.7,1
509,142.5,148.7,5.8,1.34,78.7,105.5,7069.0,2,21,16.0,L 2.3,40.5,64.0,5,Straight,0.2,1,1.1,0.4,2,1,1.5,1
510,145.2,151.4,7.2,1.33,80.4,106.6,7044.0,2,714,17.8,L 0.0,43.1,73.0,5,Fade,5.8,1,0.6,0.7,2,1,1.3,2
511,119.4,125.6,3.2,1.14,83.4,95.2,6652.0,2,910,13.9,L 1.6,32.1,40.0,4,Fade,7.8,1,1.7,0.6,1,1,1.2,2
512,148.3,153.9,5.5,1.34,81.2,109.1,7593.0,2,444,18.1,R 0.5,44.6,80.0,5,Fade,3.3,1,0.7,0.4,2,1,1.1,2
513,147.4,154.5,5.7,1.31,81.7,107.0,6480.0,2,508,18.3,R 0.1,43.3,76.0,5,Fade,4.5,1,1.2,1.2,2,1,2.4,2
514,140.9,146.5,11.5,1.29,80.7,104.4,7373.0,2,710,19.9,R 1.9,45.0,79.0,5,Fade,5.5,2,3.6,1.8,2,2,1.8,2
515,144.3,150.1,9.3,1.33,80.0,106.3,7369.0,2,496,18.7,R 1.8,44.5,78.0,5,Fade,3.9,2,1.5,3.4,2,1,2.0,2
516,136.4,141.7,3.4,1.3,78.6,102.1,7549.0,2,391,18.0,L 0.1,42.2,68.0,5,Straight,3.0,2,0.1,0.5,2,1,0.5,2
517,122.1,127.4,17.6,1.28,73.3,93.9,7260.0,2,1268,20.5,R 3.8,42.1,63.0,4,Slice,9.9,2,6.1,1.5,2,2,4.6,2
518,119.7,125.7,11.8,1.3,70.9,91.8,6701.0,2,547,21.1,R 3.5,41.5,61.0,4,Fade,4.7,2,4.8,2.3,2,2,2.5,2
519,135.8,141.7,3.1,1.28,80.2,102.5,7166.0,2,526,15.4,L 0.6,38.2,57.0,4,Fade,4.2,1,1.3,1.4,2,1,2.7,2
520,147.6,154.6,4.4,1.34,80.4,107.8,6596.0,1,182,16.3,L 0.9,41.1,69.0,5,Straight,-1.6,1,2.2,1.2,2,1,3.4,1
521,140.5,147.1,0.4,1.29,80.7,104.0,6691.0,2,175,16.3,L 0.5,39.9,63.0,5,Straight,1.5,1,1.7,2.2,2,1,3.9,2
522,140.1,146.2,5.2,1.3,80.3,104.1,7056.0,2,576,16.5,L 0.2,40.6,64.0,5,Fade,4.7,1,1.7,1.3,2,1,2.9,2
523,143.2,150.8,2.7,1.25,82.8,103.8,6108.0,1,121,19.9,L 0.6,43.8,77.0,5,Straight,-1.1,2,47.6,1.8,2,2,45.8,1
524,121.1,126.3,11.5,1.22,77.7,94.7,7355.0,2,1264,16.5,R 1.4,37.0,49.0,4,Slice,9.8,2,4.1,2.3,2,2,1.8,2
525,140.7,147.3,0.6,1.33,77.7,103.4,6725.0,2,172,18.4,L 1.0,42.5,71.0,5,Straight,1.5,1,1.8,0.2,2,1,2.1,1
526,133.6,139.8,2.9,1.28,78.8,100.8,6899.0,2,503,15.9,L 3.0,38.3,56.0,4,Fade,4.2,1,2.7,0.4,1,1,2.3,1
527,142.0,151.3,25.6,1.27,79.7,101.4,4958.0,1,710,23.0,L 6.3,45.3,83.0,5,Draw,-8.1,1,7.3,1.2,1,1,6.1,1
528,146.5,153.2,8.3,1.34,80.1,107.7,6645.0,2,757,25.2,L 0.1,50.8,107.0,6,Fade,6.5,2,3.0,0.3,1,2,3.3,2
529,146.8,153.3,2.7,1.39,77.7,107.7,6850.0,2,535,23.7,L 1.3,49.6,101.0,6,Fade,4.5,1,1.3,0.7,1,1,0.6,2
530,150.3,157.1,1.5,1.4,78.4,109.7,6694.0,2,334,23.9,L 2.0,50.0,106.0,6,Straight,2.9,1,2.3,0.4,2,1,2.7,1
531,137.8,145.3,4.9,1.33,75.7,101.1,6052.0,2,489,19.7,L 0.2,42.6,71.0,5,Fade,4.6,2,0.5,0.2,1,2,0.7,2
532,152.8,158.9,0.2,1.33,83.2,111.0,7261.0,1,171,18.9,R 0.6,46.0,87.0,5,Straight,-1.4,2,0.2,3.2,2,1,3.0,1
533,148.7,155.2,0.1,1.31,83.0,108.4,6950.0,1,409,17.6,R 1.7,43.4,76.0,5,Draw,-3.4,2,1.1,5.5,2,1,4.5,1
534,151.2,158.6,19.8,1.35,81.5,110.0,6285.0,1,967,15.5,L 3.1,40.2,67.0,5,Draw,-8.7,1,4.0,2.8,2,1,6.9,1
535,140.7,145.6,0.3,1.27,83.0,105.7,8031.0,2,204,15.1,L 0.8,40.2,62.0,5,Straight,1.5,1,0.3,2.7,2,1,3.0,1
536,148.7,155.7,8.2,1.32,82.0,108.0,6627.0,1,515,18.1,L 1.0,43.4,77.0,5,Draw,-4.4,1,1.6,2.3,2,1,3.9,1
537,151.4,157.9,1.8,1.34,81.9,110.0,7004.0,1,366,17.8,R 0.9,44.3,80.0,5,Straight,-3.0,2,0.5,3.8,2,1,3.3,1
538,122.9,130.4,3.9,1.21,77.2,93.6,5698.0,1,154,18.0,L 1.1,37.0,52.0,4,Straight,-1.5,1,0.2,1.9,2,1,2.0,1
539,130.2,137.2,1.6,1.36,72.6,98.5,6164.0,1,150,16.1,L 0.1,36.5,53.0,4,Straight,-1.4,1,0.7,2.1,2,1,2.8,1
540,98.4,104.2,15.2,1.29,63.6,81.9,6426.0,2,1415,19.0,R 4.4,34.4,39.0,3,Slice,12.4,2,8.9,1.7,2,2,7.1,2
541,150.9,157.3,1.5,1.33,82.7,109.7,7031.0,1,361,19.0,R 1.0,45.5,85.0,5,Straight,-2.9,1,0.3,4.6,2,1,4.9,1
542,156.1,163.2,3.7,1.34,83.5,112.2,6690.0,1,255,18.5,R 2.5,45.4,86.0,5,Straight,-2.2,2,1.4,5.2,2,1,3.9,2
543,143.9,150.5,0.1,1.28,82.5,105.2,6781.0,1,213,18.9,R 0.9,43.8,76.0,5,Straight,-1.8,1,2.1,3.9,2,1,6.0,2
544,154.8,161.4,3.3,1.34,83.8,111.9,6983.0,1,260,18.0,L 0.2,44.9,84.0,5,Straight,-2.1,1,1.6,4.0,2,1,5.6,1
545,137.2,147.9,3.1,1.35,76.1,103.0,3890.0,2,450,12.4,L 3.7,28.3,39.0,4,Fade,6.6,1,4.3,1.7,2,1,6.0,1
546,144.0,154.3,18.6,1.37,74.4,101.8,4396.0,1,761,22.4,L 2.9,44.0,81.0,5,Hook,-9.8,1,3.3,1.3,2,1,4.6,1
547,155.1,161.7,1.2,1.35,82.9,112.3,7032.0,1,542,19.5,R 1.8,46.8,92.0,6,Draw,-4.4,2,0.0,4.7,2,1,4.7,1
548,151.8,158.8,1.0,1.31,83.7,109.7,6696.0,1,80,19.6,R 0.8,45.8,87.0,5,Straight,-0.7,1,0.7,3.3,2,1,4.0,2
549,154.2,161.2,7.9,1.36,81.8,111.4,6703.0,1,477,17.9,L 0.9,44.4,82.0,5,Draw,-4.1,1,2.4,3.6,2,1,6.0,1
550,151.2,158.3,7.8,1.34,81.3,109.3,6608.0,1,551,18.6,L 0.5,44.7,82.0,5,Draw,-4.8,1,3.4,3.7,2,1,7.1,1
551,154.3,161.3,0.5,1.34,82.8,111.0,6659.0,1,276,19.7,R 1.0,46.3,90.0,5,Straight,-2.4,2,0.3,4.0,2,1,3.7,1
552,145.5,152.5,2.8,1.31,81.0,106.3,6613.0,1,482,18.2,R 0.9,42.9,74.0,5,Draw,-4.2,1,0.3,3.8,2,1,4.0,1
553,154.4,161.2,4.9,1.35,82.9,112.0,6862.0,1,845,16.6,R 1.8,43.2,77.0,5,Draw,-7.0,1,0.3,6.8,2,1,7.1,1
554,155.2,163.0,14.0,1.4,79.0,110.9,6217.0,1,160,20.3,L 4.3,46.5,92.0,5,Straight,-1.5,1,3.2,2.3,1,1,1.0,1
555,135.9,141.0,10.1,1.32,77.2,102.2,7691.0,1,1142,19.2,L 0.3,43.8,72.0,5,Draw,-8.4,1,0.8,4.1,2,1,4.9,1
556,131.4,136.0,0.4,1.22,81.5,99.7,7998.0,2,55,18.4,R 0.0,42.1,65.0,5,Straight,0.4,1,0.6,5.4,2,1,6.0,2
557,140.9,147.1,10.5,1.34,77.7,104.0,6962.0,1,833,19.2,L 1.0,43.9,75.0,5,Draw,-6.8,1,1.4,3.4,2,1,4.8,1
558,132.9,138.8,4.3,1.27,78.7,99.9,7069.0,1,774,18.4,R 1.1,41.4,65.0,5,Draw,-6.2,2,0.4,6.9,2,1,6.5,1
559,130.4,135.3,5.3,1.28,77.5,99.0,7732.0,1,587,18.2,L 0.4,41.3,63.0,5,Draw,-4.3,1,0.8,3.6,2,1,4.4,1
560,124.2,128.9,10.6,1.29,73.6,94.9,7754.0,2,348,21.0,R 3.7,43.7,67.0,5,Straight,2.6,2,3.5,4.8,2,1,1.2,2
561,129.4,134.0,0.6,1.19,82.5,98.4,7997.0,1,104,19.9,R 0.7,43.5,69.0,5,Straight,-0.7,2,0.5,2.4,2,1,1.9,2
562,130.4,136.4,6.8,1.29,75.8,97.9,6838.0,1,759,21.3,L 0.1,43.9,72.0,5,Draw,-6.3,1,0.7,5.2,2,1,5.9,1
563,130.3,135.9,6.3,1.36,72.2,98.0,7187.0,1,836,22.0,R 0.4,45.2,76.0,5,Draw,-6.6,1,0.1,4.1,2,1,4.2,1
564,117.7,123.6,2.3,1.13,82.1,92.8,6759.0,1,170,16.0,L 0.6,34.9,45.0,4,Straight,-1.4,1,1.2,5.2,2,1,6.4,1
565,127.0,132.1,0.5,1.31,73.6,96.6,7483.0,1,608,20.7,R 1.9,43.5,69.0,5,Draw,-4.6,2,1.5,5.4,2,1,3.9,1
566,125.9,133.7,8.7,1.3,72.6,94.1,5565.0,1,622,21.6,L 1.2,41.9,65.0,5,Draw,-6.4,1,1.7,2.8,2,1,4.5,1
567,122.2,128.4,0.6,1.23,75.9,93.1,6591.0,1,211,22.3,R 0.6,43.3,67.0,5,Straight,-1.8,2,0.3,3.2,2,1,2.9,1
568,129.3,134.8,3.8,1.25,77.6,97.4,7282.0,1,433,21.8,L 0.2,45.0,74.0,5,Draw,-3.4,1,0.3,1.0,2,1,1.3,1
569,127.8,133.7,14.1,1.26,76.9,96.5,6937.0,1,918,21.2,L 2.9,43.6,70.0,5,Draw,-7.5,1,3.6,4.0,2,1,7.6,1
570,136.2,142.3,13.8,1.27,79.7,101.3,6940.0,1,947,21.2,L 2.0,45.2,78.0,5,Draw,-7.8,1,2.8,4.6,2,1,7.3,1
571,109.1,115.4,7.8,1.13,78.9,89.4,6380.0,2,74,14.8,L 4.2,31.0,36.0,4,Straight,0.7,1,4.4,2.2,1,1,2.2,1
572,125.6,131.0,0.4,1.32,72.5,95.5,7257.0,2,287,22.4,L 0.9,44.8,73.0,5,Straight,2.3,1,0.9,0.4,1,1,0.5,2
573,126.9,132.3,6.0,1.29,74.6,96.2,7283.0,1,412,21.1,L 1.2,43.8,69.0,5,Draw,-3.2,1,1.5,1.1,2,1,2.5,1
574,116.6,122.3,1.5,1.18,79.0,93.0,6937.0,2,224,15.0,L 1.5,33.5,42.0,4,Straight,1.9,1,2.0,3.1,2,1,5.0,1
575,126.7,132.0,6.1,1.22,78.8,96.1,7358.0,1,692,21.9,L 0.3,44.6,72.0,5,Draw,-5.4,1,0.7,3.6,2,1,4.3,1
576,82.8,91.1,3.0,1.13,79.8,89.9,4338.0,2,980,6.9,L 1.2,12.9,10.0,2,Slice,12.7,1,1.7,3.5,2,1,5.2,2
577,126.9,133.1,13.5,1.25,76.6,96.1,6713.0,1,931,20.0,L 2.5,41.7,64.0,5,Draw,-7.9,1,3.3,4.2,2,1,7.5,1
578,116.4,122.2,5.5,1.16,77.8,90.1,6717.0,1,209,21.5,L 2.0,41.4,60.0,4,Straight,-1.8,1,2.4,1.4,2,1,3.7,1
579,139.7,149.1,6.2,1.3,77.1,100.1,4740.0,2,180,20.1,L 3.3,41.2,70.0,5,Straight,2.2,1,1.2,1.7,1,2,0.5,1
580,93.7,97.7,8.1,1.22,75.9,92.3,8363.0,1,1863,6.7,R 8.8,17.7,15.0,3,Push Hook,-12.6,1,6.3,4.8,1,1,1.5,2
581,121.3,126.5,21.7,1.3,72.5,94.0,7300.0,2,2097,21.1,R 3.3,42.5,64.0,4,Slice,16.0,2,7.6,2.8,1,2,10.4,2
582,128.0,132.7,4.1,1.29,75.6,97.3,7841.0,1,175,21.2,L 1.2,44.7,72.0,5,Straight,-1.3,1,1.5,0.8,2,1,2.3,1
583,126.7,132.2,0.6,1.25,76.9,95.9,7177.0,2,39,22.0,L 0.5,44.6,72.0,5,Straight,0.3,1,0.7,1.8,2,1,2.6,1
584,128.0,133.4,4.9,1.26,77.0,97.2,7324.0,1,151,18.8,L 1.6,41.2,63.0,5,Straight,-1.2,1,1.9,1.0,2,1,2.9,1
585,124.1,129.8,8.0,1.21,78.0,94.6,7041.0,1,800,20.9,L 0.9,42.8,65.0,5,Draw,-6.5,1,1.3,2.9,2,1,4.2,1
586,133.7,140.7,19.5,1.29,76.9,99.4,6284.0,1,1296,20.9,L 3.0,43.6,72.0,5,Hook,-11.7,1,3.8,3.9,2,1,7.7,1
587,121.2,125.3,1.1,1.21,77.5,93.5,8128.0,2,28,22.3,R 0.5,44.5,70.0,5,Straight,0.2,2,0.3,1.6,2,1,1.3,2
588,128.0,133.0,4.5,1.19,81.3,97.0,7586.0,1,194,21.0,L 1.3,44.2,71.0,5,Straight,-1.5,1,1.8,3.1,2,1,4.9,1
589,131.3,137.2,18.3,1.24,79.3,98.8,6968.0,1,1110,20.3,L 3.7,43.4,70.0,5,Hook,-9.1,1,4.5,2.7,2,1,7.2,1
590,125.5,130.9,0.7,1.3,73.3,95.2,7208.0,1,171,24.0,R 0.3,46.7,78.0,5,Straight,-1.4,2,0.0,3.3,2,1,3.3,1
591,131.1,136.1,1.2,1.28,77.6,99.0,7680.0,1,502,21.9,R 1.2,46.0,78.0,5,Draw,-3.7,2,1.1,3.0,2,1,1.9,1
592,137.5,143.1,8.8,1.32,77.8,102.4,7378.0,1,700,21.1,L 1.1,45.8,80.0,5,Draw,-5.4,1,1.6,3.2,2,1,4.8,1
593,137.2,143.7,15.0,1.29,79.1,101.8,6701.0,1,895,21.8,L 2.5,45.7,81.0,5,Draw,-7.6,1,3.1,3.0,2,1,6.2,1
594,134.6,140.4,18.7,1.3,77.6,100.6,7121.0,1,886,21.5,L 4.4,45.4,78.0,5,Draw,-7.1,1,5.0,0.4,2,1,5.4,1
595,127.6,132.8,10.5,1.23,79.2,97.1,7468.0,1,763,20.8,L 2.0,43.6,69.0,5,Draw,-5.8,1,2.5,1.8,2,1,4.3,1
596,133.9,139.6,12.7,1.27,79.0,100.1,7144.0,1,942,21.0,L 1.9,44.8,76.0,5,Draw,-7.5,1,2.5,3.3,2,1,5.8,1
597,119.1,125.2,8.8,1.16,79.9,92.4,6609.0,1,811,18.0,L 1.3,37.5,51.0,4,Draw,-7.0,1,2.0,5.4,2,1,7.4,1
598,112.9,118.1,10.9,1.14,79.2,90.5,7269.0,1,564,16.2,L 3.6,34.8,43.0,4,Draw,-4.4,1,4.4,3.1,2,1,7.5,1
599,116.0,122.4,0.3,1.15,77.9,89.7,6352.0,2,41,20.9,L 0.4,40.3,57.0,4,Straight,0.4,1,0.5,0.7,2,1,1.2,1
600,122.2,128.3,15.1,1.18,79.1,93.3,6679.0,1,960,20.6,L 3.5,41.4,62.0,4,Draw,-8.2,1,3.9,0.3,2,1,4.2,1
601,130.5,135.7,0.1,1.24,79.8,98.6,7505.0,1,108,20.2,R 0.5,43.5,70.0,5,Straight,-0.8,2,0.2,3.1,2,1,2.9,2
602,128.9,133.8,7.1,1.18,83.2,97.9,7679.0,1,820,21.1,L 0.4,44.5,73.0,5,Draw,-6.1,1,0.6,1.5,2,1,2.1,1
603,127.8,133.8,16.8,1.21,80.0,96.7,6901.0,1,969,19.9,L 3.8,42.1,65.0,5,Draw,-8.0,1,4.5,2.3,2,1,6.8,1
604,126.2,131.6,2.6,1.24,77.4,96.1,7270.0,1,222,19.2,L 0.5,41.2,62.0,4,Straight,-1.7,1,0.2,3.1,1,2,2.9,1
605,121.3,126.0,5.0,1.2,78.1,93.8,7785.0,2,233,19.0,L 3.0,40.6,58.0,4,Straight,1.7,1,3.4,0.2,2,1,3.5,1
606,114.3,119.1,3.1,1.09,83.2,90.7,7514.0,2,138,17.3,L 2.0,36.6,47.0,4,Straight,1.1,1,2.8,5.3,2,1,8.1,1
607,135.1,140.1,7.9,1.28,79.1,101.3,7667.0,1,699,21.9,L 0.9,46.6,82.0,5,Draw,-5.2,1,1.2,1.9,2,1,3.1,1
608,123.6,128.1,6.8,1.22,77.9,95.3,7955.0,1,274,18.4,L 2.3,40.4,59.0,4,Straight,-2.0,1,2.6,0.9,2,1,3.5,1
610,125.3,129.7,1.6,1.26,76.5,96.2,8103.0,2,355,18.6,L 1.8,41.3,61.0,4,Straight,2.5,1,1.9,1.3,1,1,0.6,1
611,134.6,139.1,4.4,1.27,79.8,101.4,8128.0,1,34,19.6,L 1.7,44.4,74.0,5,Straight,-0.2,1,2.0,0.4,2,1,2.4,1
612,121.8,126.1,2.2,1.18,80.1,94.5,8101.0,2,333,18.4,R 0.1,40.3,58.0,4,Straight,2.4,1,0.0,1.3,2,1,1.3,2
613,123.1,127.6,5.1,1.25,75.4,94.5,7881.0,2,70,22.2,L 2.6,44.6,71.0,5,Straight,0.5,1,2.8,0.8,1,1,2.0,1
614,135.8,140.6,8.7,1.27,80.0,102.0,7948.0,1,220,19.6,L 2.9,44.4,74.0,5,Straight,-1.6,1,3.1,1.2,1,1,1.8,1
615,125.0,129.1,2.4,1.25,76.8,95.8,8225.0,2,237,20.0,L 1.9,43.1,66.0,5,Straight,1.6,1,1.8,2.2,1,2,0.3,1
616,128.5,133.8,17.1,1.28,76.5,97.8,7425.0,1,1128,18.8,L 3.7,41.5,63.0,5,Draw,-8.6,1,4.0,1.2,1,1,2.7,1
617,126.9,132.2,6.4,1.23,78.4,96.4,7345.0,1,204,18.8,L 2.1,40.9,61.0,4,Straight,-1.6,1,2.5,0.7,2,1,3.2,1
618,127.2,132.3,13.7,1.25,77.2,96.5,7468.0,1,336,20.2,L 4.9,42.9,67.0,5,Straight,-2.6,1,5.2,1.8,1,1,3.4,1
619,132.8,137.8,7.8,1.28,78.0,100.1,7694.0,1,665,19.1,L 1.1,42.9,68.0,5,Draw,-4.9,1,1.3,1.3,2,1,2.6,1
620,121.7,126.8,1.9,1.22,78.5,95.5,7492.0,2,280,15.5,L 0.0,35.7,47.0,4,Straight,2.1,1,0.5,4.8,2,1,5.3,2
621,132.1,137.3,1.9,1.25,79.8,99.4,7527.0,1,178,19.2,L 0.3,42.8,68.0,5,Straight,-1.4,1,0.7,3.5,2,1,4.2,1
622,103.9,109.0,3.8,1.08,77.8,84.0,7071.0,2,237,20.5,R 1.4,37.9,47.0,4,Straight,1.9,2,1.7,1.6,1,2,3.3,2
623,96.9,102.0,0.2,1.1,72.7,80.0,6442.0,2,534,33.8,L 1.8,50.7,78.0,5,Fade,4.7,1,1.9,1.5,1,1,0.4,1
624,94.1,96.3,11.8,1.31,60.2,78.7,8594.0,2,1485,29.4,R 3.5,47.3,64.0,4,Slice,9.8,2,4.0,1.1,1,2,5.1,2
625,96.0,99.5,8.9,1.06,77.2,81.5,7368.0,2,1210,36.2,R 1.7,53.8,88.0,5,Slice,9.3,2,2.0,1.5,1,2,3.6,2
626,73.4,76.4,2.6,1.07,62.1,66.6,7564.0,2,823,26.8,R 0.3,39.4,39.0,3,Fade,6.2,2,0.5,0.9,1,2,1.4,2
627,53.2,57.8,1.5,1.03,52.1,53.8,4810.0,2,12,33.2,R 1.5,41.5,32.0,3,Straight,0.1,2,2.7,9.2,1,2,11.9,2
628,109.3,108.9,6.7,0.99,91.4,90.6,10745.0,2,74,30.4,L 3.7,52.9,93.0,5,Straight,0.4,1,3.8,2.8,1,1,1.0,1
629,98.5,98.0,3.0,0.98,84.9,83.3,10647.0,2,932,31.3,L 0.4,52.0,80.0,5,Fade,5.0,1,0.2,1.5,1,2,1.2,2
630,156.8,165.8,14.0,1.28,86.9,110.9,5396.0,1,192,16.2,L 3.9,40.6,72.0,5,Straight,-2.0,1,3.9,4.4,1,2,0.5,1
631,165.2,171.3,26.4,1.39,86.4,119.8,7404.0,2,1520,18.0,R 2.7,47.6,97.0,6,Slice,11.6,2,3.0,0.5,1,2,3.5,2
632,169.4,179.6,34.6,1.42,81.9,116.1,4938.0,1,777,19.7,L 6.8,46.0,97.0,6,Draw,-8.9,1,7.4,1.4,1,1,6.0,1
633,163.4,170.0,38.0,1.36,87.8,119.0,6970.0,2,1855,21.2,R 5.0,50.0,110.0,6,Slice,14.9,2,5.6,1.0,1,2,6.6,2
634,187.6,196.2,10.0,1.37,95.1,129.9,6164.0,1,85,15.6,L 2.6,46.5,103.0,6,Straight,-0.8,1,2.8,0.7,1,1,2.1,1
635,170.1,178.2,24.3,1.22,99.3,121.4,6190.0,2,1773,16.0,L 0.5,44.5,87.0,5,Slice,16.0,1,0.3,2.2,1,2,1.9,2
636,177.4,185.1,9.9,1.33,94.2,125.2,6502.0,2,627,18.8,L 0.1,49.1,112.0,6,Fade,5.5,2,0.3,4.0,1,2,4.4,2
637,155.3,166.1,9.7,1.19,91.0,107.8,4186.0,1,41,16.4,L 3.1,37.8,65.0,5,Straight,-0.6,1,3.2,2.8,1,1,0.4,1
638,173.8,180.7,29.2,1.34,93.1,125.1,6909.0,2,1770,19.2,R 1.4,49.6,112.0,6,Slice,14.4,2,2.0,4.0,1,2,5.9,2
639,127.2,135.9,1.5,1.03,93.1,95.9,4926.0,2,759,17.2,L 2.8,35.7,51.0,4,Fade,8.8,1,2.5,5.5,1,2,3.0,2
640,129.8,135.1,3.1,1.23,79.9,98.5,7316.0,2,490,26.1,L 3.2,49.6,92.0,5,Fade,3.8,1,3.1,3.5,1,2,0.4,1
641,138.3,140.7,0.1,1.26,84.9,106.8,9380.0,2,483,25.3,L 1.6,52.1,108.0,6,Straight,2.9,1,1.6,1.6,1,1,0.0,1
642,124.3,128.3,0.5,1.11,87.2,96.3,8148.0,2,782,26.4,L 2.4,49.7,90.0,5,Fade,5.5,1,2.3,3.2,1,2,0.9,2
643,242.8,255.0,8.4,1.5,104.6,157.0,4447.0,2,86,7.8,L 2.6,39.4,87.0,6,Straight,1.1,1,2.6,2.5,1,1,0.1,1
644,228.0,238.9,2.1,1.51,100.3,150.9,5215.0,2,236,10.8,L 1.0,44.4,105.0,6,Straight,2.6,1,0.4,6.9,1,2,6.5,2
645,224.9,237.2,1.3,1.48,97.8,145.1,4408.0,2,267,11.8,L 1.7,42.6,99.0,6,Fade,3.5,1,1.5,3.2,1,2,1.7,2
646,227.1,237.5,12.5,1.45,106.2,154.3,5410.0,2,1294,9.1,L 4.9,42.9,94.0,6,Slice,13.5,1,5.0,3.9,1,1,1.1,2
647,229.9,242.6,41.4,1.49,100.2,149.6,4249.0,1,1103,10.8,L 2.0,41.5,94.0,6,Hook,-14.6,1,1.8,3.7,1,2,1.9,1
648,115.4,114.4,2.6,1.23,76.6,94.3,11481.0,2,791,27.6,L 0.6,52.0,91.0,5,Fade,3.9,1,0.5,2.0,1,2,1.5,2
649,190.1,198.5,7.3,1.43,92.2,132.0,6325.0,2,174,16.6,L 3.0,48.5,113.0,6,Straight,1.6,1,3.0,3.6,1,2,0.6,1
650,173.9,179.8,17.8,1.31,96.3,126.1,7718.0,2,1431,17.3,L 0.3,48.7,106.0,6,Slice,10.5,2,0.2,4.9,1,2,5.1,2
651,170.7,176.6,28.5,1.27,98.1,124.2,7519.0,2,1679,19.1,R 2.3,49.7,111.0,6,Slice,12.6,2,2.9,2.8,1,2,5.7,2
652,159.1,168.6,22.3,1.27,88.0,112.0,5048.0,1,561,15.3,L 4.7,39.1,68.0,5,Draw,-6.3,1,4.8,4.4,1,1,0.4,1
653,134.0,144.6,19.7,1.11,88.9,99.1,3860.0,1,679,15.6,L 4.3,32.3,47.0,4,Hook,-10.0,1,4.4,3.4,1,1,1.0,1
654,208.3,219.7,11.8,1.37,101.0,138.4,4683.0,2,573,10.8,L 0.7,39.8,82.0,6,Fade,7.0,1,0.3,3.8,1,2,3.5,2
655,280.1,297.6,11.6,1.41,116.1,163.5,2708.0,2,123,10.4,L 3.5,36.9,96.0,7,Straight,2.6,1,3.6,2.6,1,1,1.1,1
656,273.9,289.7,25.1,1.43,115.8,165.8,3077.0,1,213,7.8,L 3.0,34.8,82.0,6,Draw,-4.0,1,3.3,0.8,1,1,2.5,1
657,276.9,297.8,60.4,1.44,111.4,160.9,1709.0,1,568,11.7,L 5.1,29.2,76.0,6,Hook,-18.4,1,5.4,2.0,1,1,3.4,1
658,208.4,228.4,66.3,1.46,112.4,163.7,1371.0,1,1556,8.0,L 4.7,16.0,31.0,3,Hook,-48.6,1,5.2,0.3,1,1,4.9,1
659,268.0,287.5,21.2,1.29,118.0,152.2,2096.0,1,199,13.2,L 2.0,35.3,94.0,6,Draw,-5.4,1,2.3,0.6,2,1,2.8,1
660,275.4,293.0,31.4,1.36,120.4,163.7,2409.0,2,81,8.3,L 7.0,29.8,71.0,6,Pull,1.9,1,7.6,2.2,1,1,5.3,1
661,151.8,177.6,55.5,1.45,113.1,163.8,371.0,1,1850,8.8,L 7.7,12.2,20.0,2,Pull Hook,-78.7,1,8.5,0.3,1,1,8.2,1
662,182.0,193.4,26.8,1.25,102.5,127.7,4066.0,1,874,8.2,L 2.6,29.5,48.0,5,Hook,-12.1,1,2.6,3.1,1,2,0.6,1
663,149.9,160.8,9.7,1.07,107.9,115.8,3682.0,1,548,7.1,L 0.5,21.1,28.0,4,Draw,-8.5,1,0.3,2.6,1,2,2.3,1
664,177.1,189.7,23.8,1.18,105.0,124.3,3265.0,1,536,8.5,L 3.5,25.7,41.0,4,Hook,-9.3,1,3.5,4.4,1,2,0.9,1
665,194.0,205.6,55.5,1.27,104.1,132.6,4433.0,2,1895,14.2,R 4.0,41.8,86.0,6,Slice,23.1,2,4.8,2.9,1,2,7.7,2
666,161.9,172.8,34.6,1.32,104.3,137.9,3562.0,1,731,1.1,L 7.7,10.9,12.0,3,Pull Hook,-11.6,1,8.3,1.8,1,1,6.6,1
667,146.9,162.0,15.9,1.12,98.9,110.6,1860.0,2,846,11.6,L 1.2,21.4,32.0,3,Slice,24.5,1,0.8,5.1,1,2,4.3,2
668,210.2,221.3,2.0,1.42,100.3,142.4,4521.0,2,170,6.6,L 1.7,32.9,60.0,5,Straight,2.1,1,1.8,1.0,1,1,0.7,1
669,236.2,247.6,13.6,1.49,104.3,155.8,4802.0,1,245,7.2,L 1.6,39.2,83.0,6,Straight,-2.9,1,1.4,3.1,1,2,1.6,1
670,215.7,227.5,10.7,1.48,95.4,141.4,4668.0,1,715,12.8,R 2.2,43.7,101.0,6,Draw,-8.7,2,2.7,2.4,1,2,5.1,1
671,217.1,229.7,0.7,1.44,97.5,140.7,3999.0,2,155,9.8,L 1.4,37.1,76.0,6,Straight,2.2,1,1.2,3.1,1,2,2.0,1
672,228.7,241.9,39.4,1.31,112.7,147.3,3659.0,1,631,8.4,L 4.5,34.6,70.0,6,Hook,-9.8,1,4.6,3.5,1,1,1.1,1
673,162.5,175.1,23.5,1.18,100.2,117.8,3157.0,2,1233,10.4,L 0.3,26.6,42.0,4,Slice,21.3,2,0.5,7.9,1,2,8.4,2
674,215.2,226.6,22.3,1.5,95.3,143.1,4487.0,1,327,8.1,L 3.5,36.2,71.0,6,Draw,-4.2,1,3.6,2.9,1,1,0.7,1
675,172.2,183.4,38.1,1.26,96.4,121.6,4202.0,2,1698,12.4,R 2.2,35.1,60.0,5,Slice,22.0,2,2.6,0.8,1,2,3.4,2
676,202.7,215.1,41.3,1.37,99.0,135.7,3868.0,1,1011,9.6,L 4.2,34.1,64.0,5,Hook,-14.6,1,4.3,3.0,1,1,1.3,1
677,216.7,227.8,11.7,1.33,108.3,144.1,4882.0,2,570,9.7,L 0.8,40.3,85.0,6,Fade,6.7,1,0.6,2.5,1,2,2.0,2
678,178.4,190.6,12.0,1.19,102.6,121.8,3677.0,1,332,10.6,L 1.4,31.2,53.0,5,Draw,-5.2,1,1.2,3.3,1,2,2.1,1
679,162.5,174.4,13.6,1.13,102.3,115.4,3569.0,1,170,10.2,L 3.4,27.9,43.0,4,Straight,-2.7,1,3.0,6.9,1,2,3.9,1
680,208.1,222.6,63.5,1.46,97.1,142.0,2946.0,1,1467,8.6,L 5.5,28.4,52.0,5,Hook,-26.5,1,5.9,1.4,1,1,4.5,1
681,208.0,218.6,19.4,1.41,100.2,141.4,4965.0,2,994,8.9,L 1.0,38.0,74.0,6,Slice,11.3,1,0.8,2.4,1,2,1.6,2
682,216.4,229.4,31.0,1.42,97.7,139.2,3867.0,1,398,10.7,L 4.8,37.8,79.0,6,Draw,-5.9,1,4.8,4.7,1,1,0.2,1
683,238.6,250.2,23.9,1.46,107.1,156.6,4723.0,1,70,7.5,L 5.1,39.4,85.0,6,Straight,-0.8,1,5.2,3.8,1,1,1.4,1
684,241.9,255.3,14.8,1.48,102.8,152.4,4115.0,1,248,12.0,L 1.5,43.9,111.0,7,Draw,-3.4,1,1.4,2.8,1,2,1.4,1
685,188.0,197.1,19.7,1.32,97.9,129.1,5812.0,2,225,16.9,R 4.5,47.4,108.0,6,Straight,2.2,2,5.5,4.1,1,2,9.6,2
686,224.3,237.0,8.2,1.38,102.8,142.1,3899.0,2,184,12.0,L 3.4,40.7,93.0,6,Straight,2.7,1,3.4,4.2,1,2,0.9,1
687,210.9,221.6,11.3,1.37,104.3,142.4,5100.0,2,1025,10.5,L 3.3,41.2,86.0,6,Slice,11.4,1,3.1,5.2,1,2,2.1,2
688,200.0,211.9,23.3,1.26,106.1,134.1,4163.0,2,1137,11.1,L 1.3,37.2,72.0,5,Slice,15.3,1,1.2,2.2,1,2,1.0,2
689,158.5,173.8,30.1,1.1,104.1,114.7,1896.0,1,714,11.4,L 3.9,22.2,36.0,4,Hook,-20.6,1,4.1,2.3,1,1,1.8,1
690,90.3,110.7,0.8,1.11,93.2,103.8,149.0,2,199,11.2,L 3.1,12.7,14.0,2,Slice,53.2,1,2.6,7.6,1,2,4.9,1
691,191.5,199.8,1.6,1.33,99.8,133.1,6353.0,2,396,16.4,L 2.6,48.5,114.0,6,Fade,3.6,1,2.6,2.1,1,1,0.5,1
692,193.1,202.1,11.1,1.43,92.9,132.8,5930.0,1,101,18.0,L 2.7,49.5,123.0,6,Straight,-1.0,1,2.7,2.0,1,1,0.8,1
693,148.9,156.3,6.6,1.24,87.5,108.1,6277.0,1,71,24.5,L 2.2,49.9,105.0,6,Straight,-0.6,1,2.3,1.1,1,1,1.2,1
694,154.5,159.3,10.2,1.36,86.1,117.0,7953.0,2,891,25.9,R 0.1,53.9,131.0,6,Fade,6.4,2,0.3,2.0,1,2,2.4,2
695,149.7,156.4,2.7,1.31,83.5,109.7,6645.0,2,434,24.8,L 1.0,50.9,110.0,6,Fade,3.7,1,0.8,2.2,1,2,1.4,2
696,99.4,97.0,2.1,0.93,91.8,85.5,11965.0,2,273,31.5,L 1.8,53.5,86.0,5,Straight,1.3,1,1.8,2.6,1,2,0.8,1
697,105.8,106.4,7.2,1.02,83.9,85.9,10365.0,1,32,25.2,L 3.9,46.5,67.0,4,Straight,-0.2,1,4.1,1.8,1,1,2.3,1
700,97.3,97.3,6.6,1.12,72.7,81.6,10333.0,1,150,29.4,R 4.2,49.2,71.0,4,Straight,-0.8,2,3.6,10.3,2,1,6.7,2
701,131.5,134.0,11.6,1.24,82.4,101.8,9278.0,2,1270,25.2,R 1.1,50.8,97.0,5,Fade,7.8,2,1.3,0.8,1,2,2.2,2
702,137.2,146.9,9.6,1.28,80.0,102.0,4486.0,1,1043,14.6,R 1.3,33.0,48.0,4,Hook,-13.1,2,1.1,3.2,2,1,2.1,1
703,257.0,279.3,57.4,1.46,96.8,141.1,1473.0,2,478,19.7,R 5.2,39.2,115.0,6,Slice,18.0,2,5.0,6.7,2,1,1.8,2
704,269.0,284.2,10.5,1.38,119.5,165.3,3509.0,2,731,10.2,L 4.3,41.4,107.0,7,Slice,11.8,1,4.6,2.4,1,1,2.2,2
706,157.1,167.2,18.5,1.31,85.2,112.0,4570.0,1,1350,14.7,R 0.8,36.9,62.0,5,Hook,-16.5,2,0.3,4.9,2,1,4.6,1
707,163.1,169.1,21.8,1.33,89.4,118.7,7419.0,1,496,21.0,L 5.4,50.2,112.0,6,Draw,-3.8,1,5.6,3.5,1,1,2.1,1
708,103.6,106.7,5.4,1.2,70.3,84.3,8270.0,1,1472,29.5,R 1.1,49.2,75.0,5,Hook,-10.1,2,0.6,5.5,2,1,4.9,1
709,149.7,153.9,4.1,1.38,82.0,112.9,8382.0,2,686,24.1,L 1.0,51.9,115.0,6,Fade,4.7,1,0.8,2.9,1,2,2.1,2
710,261.6,283.4,37.4,1.5,95.5,143.6,1682.0,2,359,18.5,R 2.8,39.5,116.0,6,Slice,12.1,2,2.3,6.9,2,1,4.5,2
711,227.3,238.6,38.5,1.5,101.1,151.8,4615.0,1,270,6.1,L 7.5,35.1,67.0,6,Pull Draw,-3.3,1,7.9,3.8,1,1,4.1,1
717,154.4,161.5,10.4,1.41,79.2,111.7,6686.0,1,1181,19.0,R 1.3,45.7,87.0,5,Hook,-10.0,2,0.8,5.8,2,1,5.0,1
718,152.9,157.5,8.7,1.26,89.8,113.6,8222.0,1,22,21.8,L 3.1,50.1,106.0,6,Straight,-0.2,1,3.0,3.9,1,2,0.9,1
722,57.5,59.0,4.2,1.07,53.8,57.3,8080.0,2,810,28.4,R 2.8,38.7,30.0,3,Fade,5.7,2,2.9,2.2,2,2,0.7,2
723,210.7,227.3,1.1,1.27,100.7,127.6,2634.0,1,616,21.3,R 6.4,45.6,120.0,6,Hook,-13.2,2,6.4,6.2,2,2,0.2,2
724,292.4,311.6,82.5,1.38,121.7,167.6,2218.0,1,425,10.6,L 10.7,33.7,89.0,6,Pull Hook,-10.8,1,11.4,4.3,1,1,7.1,1
727,99.2,96.7,0.2,1.04,82.1,85.4,12024.0,2,819,31.3,L 1.8,53.2,85.0,5,Fade,3.9,1,1.7,2.6,1,2,0.9,1
728,135.0,139.9,19.0,1.46,69.9,101.8,7768.0,1,1597,20.5,L 2.5,45.3,77.0,5,Hook,-11.6,1,0.1,0.0,2,1,0.1,1
729,178.0,183.9,1.0,1.33,96.6,128.8,7693.0,2,252,19.1,L 0.8,51.0,123.0,6,Straight,1.9,1,0.8,1.6,1,2,0.9,2
730,164.7,176.5,24.9,1.43,85.4,122.1,3558.0,1,1232,8.0,L 0.7,24.4,36.0,4,Hook,-19.1,1,1.3,4.3,2,1,5.6,1
731,264.8,279.2,27.4,1.35,122.8,166.3,3900.0,2,1039,11.5,L 3.0,44.8,121.0,7,Slice,14.9,1,3.1,1.9,1,1,1.2,2
732,246.9,264.1,81.7,1.49,99.9,149.1,2720.0,2,1166,16.8,R 6.5,44.1,122.0,7,Slice,23.2,2,6.3,8.2,2,1,1.9,2
734,128.7,139.2,1.4,1.22,78.5,95.6,3860.0,1,625,17.1,R 2.8,33.5,48.0,4,Hook,-9.2,2,2.6,4.9,2,1,2.4,1
735,148.4,151.0,12.4,1.25,90.1,112.7,9536.0,1,273,22.1,L 3.8,51.0,107.0,6,Straight,-1.6,1,4.2,0.6,1,1,3.6,1
737,80.2,78.8,3.1,0.99,72.3,71.5,11009.0,2,389,30.6,R 1.6,47.8,56.0,4,Straight,2.0,2,1.7,0.8,2,2,0.9,2
738,106.0,107.0,15.5,1.12,76.9,86.0,10024.0,2,520,26.3,R 7.1,47.6,70.0,5,Push,3.0,2,7.3,5.4,2,2,1.9,2
739,257.1,274.8,41.9,1.48,100.8,148.9,2481.0,2,182,13.6,R 6.8,38.5,101.0,6,Fade,4.2,2,6.6,8.9,2,1,2.3,2
740,259.9,273.2,2.9,1.31,126.3,165.0,3850.0,2,906,8.4,L 6.6,39.3,93.0,6,Slice,13.2,1,7.1,2.2,1,1,4.9,2
742,83.4,86.1,4.1,1.19,60.9,72.2,7921.0,1,1329,30.6,R 0.4,46.0,56.0,4,Hook,-9.5,1,0.3,6.8,2,1,7.1,1
744,235.3,246.9,28.6,1.45,107.5,156.4,4509.0,1,288,5.4,L 4.7,34.4,67.0,6,Draw,-3.7,1,4.9,3.2,1,1,1.7,1
745,188.1,202.2,20.5,1.51,87.1,131.1,2736.0,1,834,8.0,R 0.7,23.5,39.0,4,Hook,-17.0,2,0.7,0.0,2,2,0.7,1
746,88.7,98.7,2.8,0.71,116.4,82.7,3194.0,1,1050,13.2,R 2.7,21.3,21.0,3,Hook,-18.2,2,2.9,1.0,2,2,1.9,1
747,251.7,266.5,21.1,1.38,113.1,155.6,3252.0,2,553,9.1,L 0.4,36.0,82.0,6,Slice,9.7,1,0.1,2.9,1,2,2.8,2
748,213.9,228.3,54.2,1.44,97.5,140.4,3093.0,1,1619,12.6,L 1.0,36.7,78.0,5,Hook,-27.6,1,2.3,10.0,2,1,12.3,1
749,102.3,108.2,28.5,0.86,110.7,95.6,5444.0,2,1428,46.4,R 9.1,62.2,151.0,6,Push Slice,14.7,2,10.8,6.6,1,2,17.4,2
750,233.3,254.6,74.0,1.44,113.9,164.2,1236.0,1,1020,9.4,L 7.4,18.0,41.0,4,Pull Hook,-39.5,1,7.9,3.0,1,1,4.9,1
752,48.2,51.4,1.3,1.16,44.9,52.0,6065.0,1,1222,28.3,R 0.5,36.1,23.0,2,Hook,-11.4,1,0.8,12.1,2,1,12.9,1
753,148.9,161.1,11.0,1.34,87.7,117.9,3021.0,1,572,6.2,L 0.4,17.4,23.0,3,Hook,-10.7,1,1.1,5.2,2,1,6.3,1
754,224.5,236.4,7.8,1.46,100.1,145.9,4623.0,2,74,11.4,L 2.5,42.8,99.0,6,Straight,0.9,1,2.4,3.6,1,2,1.2,1
755,253.7,279.2,40.0,1.46,97.0,141.3,1007.0,2,81,17.8,R 7.2,30.2,84.0,5,Push Fade,4.6,2,7.2,7.1,2,2,0.1,2
756,281.1,299.1,88.6,1.4,121.0,169.2,2480.0,1,827,9.1,L 8.9,32.4,79.0,6,Pull Hook,-18.5,1,9.6,2.8,1,1,6.8,1
757,59.7,61.2,2.3,1.09,53.8,58.4,8109.0,2,234,29.8,R 1.8,40.5,34.0,3,Straight,1.7,2,1.8,1.9,2,1,0.1,2
758,85.0,83.8,1.6,0.89,83.5,74.2,11012.0,2,885,29.1,L 0.6,47.2,57.0,4,Fade,4.6,1,0.8,1.0,2,1,1.8,2
759,197.4,212.4,4.3,1.5,86.1,129.6,2646.0,1,368,9.7,R 4.4,27.3,50.0,5,Draw,-7.9,2,4.9,0.0,2,2,4.9,2
760,179.5,195.0,69.2,1.49,82.7,123.5,2316.0,2,1835,15.5,R 6.5,33.5,63.0,5,Slice,38.4,2,7.3,0.5,1,2,7.8,2
761,79.0,88.0,6.4,1.45,57.2,82.8,3779.0,1,1768,10.5,R 1.4,17.2,14.0,2,Hook,-25.1,2,1.6,0.0,2,2,1.6,1
762,259.7,278.1,35.2,1.5,101.9,152.7,2084.0,2,33,10.4,R 7.0,29.8,71.0,6,Straight,0.9,2,7.1,6.0,2,2,1.1,2
763,290.1,311.5,26.4,1.42,112.4,160.0,1782.0,1,67,13.4,L 4.0,33.7,95.0,6,Straight,-2.2,1,4.2,3.1,1,1,1.1,1
764,187.7,199.2,102.5,1.37,95.1,130.5,4318.0,2,2611,19.6,R 15.3,47.7,109.0,6,Push Slice,31.2,2,16.3,6.4,2,2,9.8,2
769,174.2,180.2,9.6,1.25,100.1,125.4,7633.0,1,11,17.5,L 3.1,48.7,107.0,6,Straight,-0.1,1,3.1,3.0,1,1,0.0,1
770,184.2,197.9,5.9,1.5,85.1,128.0,2856.0,1,131,7.4,R 2.7,23.0,37.0,4,Straight,-2.6,2,3.0,0.0,2,2,3.0,2
771,58.2,60.1,0.7,0.99,57.9,57.3,7600.0,2,288,31.8,R 0.2,42.3,35.0,3,Straight,2.2,2,0.3,0.9,1,2,1.3,2
773,232.8,248.5,43.8,1.37,105.0,143.9,2881.0,2,675,11.2,R 4.0,35.2,78.0,6,Slice,13.2,2,3.3,10.6,2,1,7.3,2
774,236.0,250.5,49.6,1.34,110.9,148.7,3639.0,2,1191,16.9,R 1.6,47.6,132.0,7,Slice,18.1,2,2.3,5.2,1,2,7.5,2
775,37.4,40.8,3.1,0.93,47.5,44.4,4682.0,2,174,33.3,R 4.1,38.8,21.0,2,Straight,2.1,2,4.4,1.8,2,2,2.6,2
778,148.1,156.0,5.4,1.33,81.9,108.6,5909.0,1,834,13.9,R 1.6,37.0,58.0,5,Draw,-8.0,2,1.2,5.4,2,1,4.2,1
779,175.7,181.9,1.1,1.43,88.8,127.0,7446.0,2,278,20.0,L 0.9,51.2,124.0,6,Straight,2.1,1,0.8,2.4,1,2,1.6,2
781,49.2,50.9,1.3,1.02,50.9,52.1,7316.0,2,55,30.9,L 1.6,39.6,27.0,2,Straight,0.4,1,2.0,1.5,2,1,3.5,1
782,151.8,155.5,6.2,1.25,91.2,114.2,8781.0,2,832,22.7,L 0.8,51.5,111.0,6,Fade,5.4,1,0.5,3.0,1,2,2.5,2
783,165.5,177.0,12.3,1.36,87.1,118.0,3730.0,2,193,9.3,R 2.9,27.4,42.0,4,Straight,3.0,2,2.6,5.0,2,1,2.4,2
784,214.7,233.3,29.7,1.5,98.8,148.6,1682.0,1,1357,9.9,R 5.1,22.8,46.0,4,Hook,-38.9,2,4.7,9.4,2,1,4.8,1
785,263.8,279.0,8.2,1.36,118.1,160.9,3327.0,2,504,9.7,L 6.2,38.8,96.0,6,Fade,8.6,1,6.4,4.6,1,1,1.8,1
789,74.3,75.5,0.9,1.09,61.7,67.3,9077.0,1,718,26.9,R 2.0,41.0,41.0,3,Draw,-4.5,2,0.9,12.4,2,1,11.6,2
790,157.6,171.5,18.1,1.49,78.1,116.4,2418.0,1,1169,10.6,R 2.4,23.4,36.0,4,Hook,-25.8,2,4.1,12.4,1,2,16.4,1
791,183.7,197.8,25.0,1.17,105.5,123.9,2773.0,1,462,10.1,L 3.6,27.0,47.0,4,Hook,-9.5,1,3.8,2.6,1,1,1.2,1
793,109.8,109.0,0.3,1.23,73.6,90.5,11242.0,2,364,28.6,L 1.1,51.8,87.0,5,Straight,1.9,1,1.0,2.0,1,2,1.1,1
794,150.0,158.9,8.2,1.24,87.5,108.4,5356.0,1,1039,15.5,R 2.0,38.4,63.0,5,Hook,-11.0,2,1.8,3.7,2,1,2.0,1
795,226.4,239.1,17.3,1.26,115.7,146.2,4402.0,2,736,16.9,L 1.4,48.8,136.0,7,Slice,9.5,1,1.3,2.3,1,2,1.0,2
796,188.8,216.1,6.2,1.49,92.7,138.4,366.0,1,984,16.6,R 8.8,23.3,50.0,3,Push Hook,-69.6,2,8.6,10.6,2,1,2.0,1
797,105.1,104.9,1.6,1.13,76.4,86.5,10711.0,2,688,28.2,L 0.7,50.0,77.0,5,Fade,3.7,1,0.6,2.1,1,2,1.5,2
798,117.7,121.0,7.5,1.2,76.6,91.8,8575.0,2,127,23.2,R 3.3,45.3,70.0,5,Straight,0.8,2,3.3,3.0,2,2,0.3,2
799,112.3,118.5,18.4,1.14,78.4,89.5,6485.0,1,1479,17.8,L 4.2,35.7,45.0,4,Hook,-12.8,1,5.1,3.2,2,1,8.2,1
801,51.0,56.5,4.0,1.01,75.1,76.1,1103.0,1,151,8.6,L 3.5,9.9,6.0,1,Draw,-7.8,1,3.9,0.5,2,1,4.4,1
802,185.6,197.7,0.7,1.33,92.9,123.2,3800.0,1,290,12.8,R 1.8,36.2,69.0,5,Draw,-4.4,2,1.7,3.1,2,1,1.4,1
803,41.8,52.3,10.2,1.38,46.6,64.1,635.0,2,2964,14.9,R 4.2,17.0,9.0,1,Slice,77.9,2,4.7,0.0,2,2,4.7,2
804,148.8,177.1,25.9,1.41,97.4,137.7,-95.0,1,1186,14.9,R 1.3,19.4,34.0,2,Hook,-85.4,2,0.4,9.4,2,1,9.0,1
805,254.3,272.0,73.9,1.17,129.6,151.6,2351.0,1,1093,14.9,L 4.4,39.6,105.0,6,Hook,-24.9,1,4.8,0.9,1,1,3.9,1
807,144.5,149.8,8.1,1.48,72.2,107.0,7636.0,2,131,21.7,R 2.7,47.9,92.0,5,Straight,1.0,2,3.0,0.0,2,2,3.0,2
808,169.2,181.1,18.1,1.41,86.3,121.8,3538.0,1,1092,9.0,R 1.1,26.7,42.0,4,Hook,-17.1,2,0.8,4.5,2,1,3.8,1
809,209.9,221.4,27.4,1.48,93.6,138.4,4679.0,1,550,12.4,L 3.6,42.4,93.0,6,Draw,-6.7,1,3.9,0.6,1,1,3.3,1
810,258.7,276.7,32.1,1.5,98.3,147.8,2252.0,1,397,15.2,R 11.2,39.3,107.0,6,Push Hook,-10.0,2,11.2,11.1,2,2,0.2,2
811,268.2,284.9,23.6,1.34,113.6,152.2,2333.0,1,180,14.6,L 2.8,39.6,111.0,7,Draw,-4.4,1,2.7,3.4,1,2,0.7,1
812,159.5,168.2,29.5,1.37,82.0,112.4,5602.0,2,510,17.6,R 7.6,43.0,81.0,5,Push Fade,5.2,2,7.9,5.0,2,2,2.9,2
813,106.1,118.0,2.6,1.11,80.1,88.7,2415.0,1,213,13.7,R 2.6,22.4,26.0,3,Draw,-5.0,2,2.7,1.8,2,2,0.9,2
814,166.6,176.5,0.9,1.44,79.8,115.2,4897.0,1,455,15.5,R 2.3,40.4,74.0,5,Draw,-5.3,2,2.1,4.0,2,1,1.9,1
815,154.5,163.3,18.9,1.39,79.1,109.9,5379.0,2,381,15.6,R 4.8,39.4,67.0,5,Fade,4.1,2,4.8,5.2,2,1,0.5,2
816,166.8,172.9,4.9,1.25,96.4,120.4,7509.0,2,616,15.0,L 1.0,44.6,85.0,6,Fade,4.7,1,0.4,5.5,1,2,5.1,2
817,161.9,169.3,1.3,1.17,98.5,115.5,6562.0,2,281,17.0,L 0.9,44.7,85.0,5,Straight,2.5,1,0.5,3.9,1,2,3.3,2
818,165.1,172.2,6.4,1.24,95.3,118.0,6775.0,2,665,16.6,L 0.8,45.0,87.0,6,Fade,5.6,1,0.3,5.8,1,2,5.6,2
819,191.6,200.6,32.5,1.41,93.5,132.3,5897.0,1,1125,15.6,L 3.4,46.8,105.0,6,Hook,-10.8,1,3.5,1.6,1,1,1.9,1
820,181.1,189.1,13.2,1.34,95.7,128.0,6374.0,2,1140,12.4,L 1.4,42.1,80.0,6,Slice,10.1,1,1.2,3.0,1,2,1.7,2
821,182.8,189.9,13.6,1.42,91.3,129.9,6964.0,2,761,18.3,R 0.5,49.9,119.0,6,Fade,6.2,2,0.7,1.4,1,2,2.1,2
822,277.7,297.3,18.6,1.41,110.5,155.8,2121.0,1,91,13.6,L 2.6,36.8,103.0,6,Straight,-2.5,1,2.7,1.8,1,1,0.8,1
823,245.5,261.5,7.9,1.36,108.2,147.2,3226.0,2,49,16.4,L 2.2,45.6,129.0,7,Straight,0.9,1,2.0,4.2,1,2,2.1,1
824,243.7,258.8,47.3,1.38,109.7,151.1,3469.0,1,1035,15.8,L 1.5,46.2,129.0,7,Hook,-16.6,1,1.3,3.4,1,2,2.1,1
825,245.0,258.4,48.1,1.51,106.1,159.7,3706.0,1,1075,6.7,L 2.6,33.9,70.0,6,Hook,-16.2,1,2.8,0.9,1,1,1.8,1
826,225.1,236.9,9.9,1.45,101.2,147.0,4808.0,1,537,14.1,R 1.3,46.9,119.0,7,Draw,-6.4,2,1.7,1.8,1,2,3.4,1
827,218.7,230.6,32.9,1.35,106.3,143.6,4383.0,1,235,9.0,L 6.6,37.6,76.0,6,Draw,-3.1,1,6.9,4.0,1,1,2.9,1
828,166.1,177.0,23.2,1.21,99.1,120.1,4022.0,1,518,8.3,L 4.5,26.9,40.0,4,Draw,-7.3,1,4.6,3.8,1,1,0.8,1
830,213.7,224.1,15.2,1.46,98.3,143.4,5288.0,2,740,11.2,L 0.6,43.3,96.0,6,Fade,8.0,1,0.3,3.6,1,2,3.3,2
831,167.2,178.5,37.9,1.13,104.7,118.5,4134.0,2,1835,13.8,R 1.8,36.3,62.0,5,Slice,23.9,2,2.6,4.8,1,2,7.4,2
832,190.1,201.6,37.5,1.29,101.2,130.4,4140.0,1,935,9.1,L 4.9,32.5,57.0,5,Hook,-12.7,1,5.0,4.0,1,1,1.0,1
833,214.7,226.9,25.1,1.45,96.0,139.4,4260.0,1,521,11.8,L 2.8,40.6,88.0,6,Draw,-7.0,1,2.6,4.7,1,2,2.1,1
834,145.4,157.2,38.0,1.17,94.5,110.3,3378.0,2,2279,13.9,R 1.7,30.6,46.0,4,Slice,34.0,2,2.3,3.5,1,2,5.8,2
835,213.3,224.5,15.0,1.37,104.0,142.4,4607.0,1,5,8.1,L 3.8,36.1,70.0,6,Straight,-0.1,1,4.1,1.9,1,1,2.1,1
836,177.0,189.9,4.3,1.2,99.2,119.2,3315.0,2,209,11.9,L 2.9,31.6,55.0,5,Fade,3.6,1,2.8,3.5,1,2,0.8,1
837,185.5,194.5,23.7,1.33,96.3,127.8,5857.0,1,644,15.8,L 3.6,46.0,100.0,6,Draw,-6.3,1,3.8,2.5,1,1,1.2,1
838,167.6,176.3,11.8,1.26,93.6,117.6,5842.0,1,413,16.4,L 1.8,43.5,84.0,5,Draw,-4.0,1,1.8,2.1,1,2,0.3,1
839,163.9,172.2,10.8,1.36,84.7,115.5,6031.0,2,250,17.0,R 2.5,44.0,84.0,5,Straight,2.4,2,2.4,2.9,2,1,0.5,2
840,167.0,177.8,16.9,1.43,81.9,116.8,4350.0,1,988,12.8,R 0.3,35.0,59.0,5,Hook,-12.8,1,0.1,3.6,2,1,3.7,1
841,169.2,178.7,25.1,1.4,83.6,117.0,5315.0,2,540,17.0,R 5.2,43.5,85.0,5,Fade,5.8,2,5.3,4.7,2,2,0.6,2
842,148.7,158.5,17.6,1.31,83.1,109.2,4546.0,2,312,11.5,R 4.9,30.7,45.0,4,Fade,3.9,2,4.9,5.1,2,1,0.2,2
843,162.4,172.3,5.9,1.42,80.3,113.8,4821.0,1,270,13.8,R 3.4,37.1,63.0,5,Draw,-3.2,2,3.3,5.0,2,1,1.7,2
844,162.9,173.0,24.7,1.43,80.0,114.6,4691.0,1,1265,14.8,L 1.5,38.2,66.0,5,Hook,-15.1,1,1.8,1.1,2,1,2.9,1
845,186.0,194.4,12.2,1.34,96.9,129.7,6251.0,2,696,18.0,R 0.1,49.2,116.0,6,Fade,6.4,2,0.2,1.3,1,2,1.6,2
846,160.4,168.3,7.0,1.17,97.0,114.0,6216.0,2,629,18.7,L 0.5,45.7,90.0,5,Fade,5.8,1,0.6,0.0,2,1,0.6,2
847,171.6,179.4,9.8,1.38,88.2,121.4,6427.0,2,122,14.4,L 3.7,42.9,82.0,5,Straight,1.1,1,3.8,3.5,1,1,0.3,1
848,179.4,187.2,10.3,1.28,98.9,126.5,6547.0,2,1065,15.1,L 1.9,45.5,94.0,6,Slice,9.2,1,2.0,1.4,1,1,0.6,2
849,166.6,173.1,22.3,1.25,96.4,120.2,7197.0,2,1339,18.7,R 1.8,48.3,102.0,6,Slice,10.5,2,2.2,1.9,1,2,4.1,2
850,184.6,193.2,17.2,1.32,96.8,127.9,6075.0,1,291,16.4,L 3.6,46.8,104.0,6,Straight,-2.7,1,3.5,4.3,1,2,0.8,1
851,181.7,191.2,14.9,1.27,97.8,124.2,5492.0,1,156,16.3,L 3.7,45.0,95.0,6,Straight,-1.6,1,3.8,2.7,1,1,1.1,1
852,173.2,181.4,5.2,1.37,88.9,121.5,6211.0,2,642,17.9,L 1.5,46.9,100.0,6,Fade,5.9,1,1.3,3.1,1,2,1.8,2
853,181.7,190.3,7.3,1.33,94.9,126.3,6068.0,2,502,18.3,L 0.5,48.5,111.0,6,Fade,4.7,1,0.3,2.0,1,2,1.7,2
854,178.8,194.0,69.5,1.41,92.0,129.4,2246.0,2,2961,18.3,R 0.8,38.1,74.0,5,Slice,52.8,2,1.2,3.0,1,2,4.2,2
855,173.7,181.3,11.3,1.38,88.9,122.8,6539.0,2,645,18.5,R 0.5,48.1,105.0,6,Fade,5.6,2,0.7,0.8,1,2,1.5,2
856,135.4,139.1,12.4,1.23,83.9,103.1,8634.0,1,401,23.8,L 3.9,49.6,94.0,5,Straight,-2.7,1,3.9,3.5,1,1,0.4,1
857,117.0,124.4,4.5,1.09,81.6,88.8,5535.0,1,416,26.2,L 0.5,45.5,72.0,5,Draw,-4.3,1,0.6,0.6,2,1,1.2,1
858,140.2,143.1,0.5,1.19,90.3,107.2,9195.0,2,837,24.0,L 2.9,50.9,103.0,6,Fade,5.2,1,2.9,3.4,1,2,0.6,1
859,133.5,136.6,5.8,1.19,85.6,101.7,9105.0,1,139,21.3,L 2.1,47.0,81.0,5,Straight,-0.9,1,2.1,1.4,1,1,0.7,1
860,134.8,137.1,4.2,1.28,80.9,103.7,9653.0,1,19,23.4,L 1.7,50.0,94.0,5,Straight,-0.1,1,1.7,1.7,1,1,0.0,1
861,124.8,129.3,22.0,1.18,81.3,95.7,7865.0,2,778,22.8,R 7.4,45.8,75.0,5,Push Fade,5.6,2,5.6,0.0,2,2,5.6,2
862,132.0,137.0,12.4,1.2,82.7,99.5,7685.0,2,90,21.1,R 5.0,45.1,76.0,5,Straight,0.7,2,5.3,2.0,2,2,3.3,2
863,131.3,138.3,7.0,1.08,90.5,98.2,6268.0,2,55,18.5,R 2.7,40.2,61.0,5,Straight,0.5,2,1.1,17.2,2,1,16.1,2
864,133.3,140.1,7.7,1.3,76.1,99.1,6392.0,1,477,19.6,R 5.1,42.1,68.0,5,Draw,-4.3,2,4.9,6.7,2,1,1.8,2
865,134.2,140.3,6.1,1.47,68.1,100.1,6916.0,1,538,20.1,L 0.6,43.4,72.0,5,Draw,-4.4,1,0.7,0.0,2,1,0.7,1
866,115.5,121.6,4.1,1.24,73.9,91.5,6565.0,1,1242,16.8,R 2.1,35.2,45.0,4,Hook,-10.7,2,1.8,4.5,2,1,2.6,1
867,99.3,99.6,1.5,1.14,72.5,82.7,10202.0,1,497,28.9,R 2.1,49.2,72.0,5,Straight,-2.8,2,1.5,7.1,2,1,5.6,2
868,79.2,79.2,8.3,1.01,69.9,70.4,10195.0,2,226,26.7,R 5.6,42.3,45.0,4,Straight,1.3,2,5.7,5.2,2,2,0.5,2
869,81.1,83.9,10.9,0.96,73.5,70.8,7575.0,2,64,33.3,R 7.3,48.4,60.0,4,Push,0.5,2,6.6,13.8,2,1,7.2,2
870,79.7,79.2,9.8,1.01,70.5,70.9,10384.0,2,610,29.9,R 6.0,46.3,53.0,4,Fade,3.4,2,6.4,2.9,2,2,3.5,2
871,78.4,77.5,7.9,1.0,70.3,70.0,10485.0,2,481,31.0,R 5.0,47.5,54.0,4,Straight,2.6,2,4.7,8.1,2,1,3.4,2
872,82.8,86.8,6.5,1.06,67.3,71.1,6887.0,2,195,32.0,R 3.9,47.0,57.0,4,Straight,1.6,2,3.7,5.4,2,1,1.7,2
873,73.4,74.3,1.8,0.96,69.1,66.5,9114.0,1,396,29.0,R 2.1,43.2,44.0,3,Straight,-2.5,2,1.8,4.6,2,1,2.8,2
874,97.4,101.2,6.4,1.42,56.9,80.9,7906.0,1,883,21.0,L 1.4,38.0,45.0,4,Draw,-6.4,1,1.6,0.0,2,1,1.6,1
875,65.0,65.4,5.6,0.94,65.7,61.6,9185.0,2,672,30.1,R 3.8,42.9,39.0,3,Fade,4.2,2,4.2,0.4,2,2,3.8,2
